filename,steering_angle
img_00000.png,0.0
img_00001.png,0.0
img_00002.png,0.0
img_00003.png,0.0
img_00004.png,0.0
img_00005.png,0.0
img_00006.png,0.0
img_00007.png,0.0
img_00008.png,0.0
img_00009.png,0.0
img_00010.png,0.0
img_00011.png,0.0
img_00012.png,0.0
img_00013.png,0.0
img_00014.png,0.0
img_00015.png,0.0
img_00016.png,0.0
img_00017.png,0.0
img_00018.png,0.0
img_00019.png,0.0
img_00020.png,0.0
img_00021.png,0.0
img_00022.png,0.0
img_00023.png,0.0
img_00024.png,0.0
img_00025.png,0.0
img_00026.png,0.0
img_00027.png,0.0
img_00028.png,0.0
img_00029.png,0.0
img_00030.png,0.0
img_00031.png,0.0
img_00032.png,0.0
img_00033.png,0.0
img_00034.png,0.0
img_00035.png,0.0
img_00036.png,0.0
img_00037.png,0.0
img_00038.png,0.0
img_00039.png,0.0
img_00040.png,0.0
img_00041.png,0.0
img_00042.png,0.0
img_00043.png,0.0
img_00044.png,0.0
img_00045.png,0.0
img_00046.png,0.0
img_00047.png,0.0
img_00048.png,0.0
img_00049.png,0.0
img_00050.png,0.0
img_00051.png,0.0
img_00052.png,0.0
img_00053.png,0.0
img_00054.png,0.0
img_00055.png,0.0
img_00056.png,0.0
img_00057.png,0.0
img_00058.png,0.0
img_00059.png,0.0
img_00060.png,0.0
img_00061.png,0.0
img_00062.png,0.0
img_00063.png,0.0
img_00064.png,0.0
img_00065.png,0.0
img_00066.png,0.0
img_00067.png,0.0
img_00068.png,0.0
img_00069.png,0.0
img_00070.png,0.0
img_00071.png,0.0
img_00072.png,0.0
img_00073.png,0.0
img_00074.png,0.0
img_00075.png,0.0
img_00076.png,0.0
img_00077.png,0.0
img_00078.png,0.0
img_00079.png,0.0
img_00080.png,0.0
img_00081.png,0.0
img_00082.png,0.0
img_00083.png,0.0
img_00084.png,0.0
img_00085.png,0.0
img_00086.png,0.0
img_00087.png,0.0
img_00088.png,0.0
img_00089.png,0.0
img_00090.png,0.0
img_00091.png,0.0
img_00092.png,0.0
img_00093.png,0.0
img_00094.png,0.0
img_00095.png,0.0
img_00096.png,0.0
img_00097.png,0.0
img_00098.png,0.0
img_00099.png,0.0
img_00100.png,0.0
img_00101.png,0.0
img_00102.png,0.0
img_00103.png,0.0
img_00104.png,0.0
img_00105.png,0.0
img_00106.png,0.0
img_00107.png,0.0
img_00108.png,0.0
img_00109.png,0.0
img_00110.png,0.0
img_00111.png,0.0
img_00112.png,0.0
img_00113.png,0.0
img_00114.png,0.0
img_00115.png,0.0
img_00116.png,0.0
img_00117.png,0.0
img_00118.png,0.0
img_00119.png,-0.2
img_00120.png,0.0
img_00121.png,0.0
img_00122.png,0.0
img_00123.png,0.0
img_00124.png,0.0
img_00125.png,0.0
img_00126.png,0.0
img_00127.png,-0.2
img_00128.png,-0.2
img_00129.png,0.0
img_00130.png,0.0
img_00131.png,0.0
img_00132.png,0.0
img_00133.png,0.0
img_00134.png,-0.2
img_00135.png,-0.2
img_00136.png,0.0
img_00137.png,0.0
img_00138.png,0.0
img_00139.png,-0.2
img_00140.png,-0.2
img_00141.png,-0.2
img_00142.png,0.0
img_00143.png,0.0
img_00144.png,0.0
img_00145.png,0.0
img_00146.png,0.0
img_00147.png,0.0
img_00148.png,-0.2
img_00149.png,-0.2
img_00150.png,-0.2
img_00151.png,-0.2
img_00152.png,-0.2
img_00153.png,0.0
img_00154.png,0.0
img_00155.png,0.0
img_00156.png,0.0
img_00157.png,0.0
img_00158.png,-0.2
img_00159.png,-0.2
img_00160.png,-0.2
img_00161.png,-0.2
img_00162.png,0.0
img_00163.png,0.0
img_00164.png,0.0
img_00165.png,0.0
img_00166.png,0.0
img_00167.png,0.0
img_00168.png,0.0
img_00169.png,0.2
img_00170.png,0.0
img_00171.png,0.0
img_00172.png,0.0
img_00173.png,0.0
img_00174.png,0.0
img_00175.png,0.0
img_00176.png,0.0
img_00177.png,0.0
img_00178.png,0.0
img_00179.png,0.0
img_00180.png,0.0
img_00181.png,-0.2
img_00182.png,-0.2
img_00183.png,0.0
img_00184.png,0.0
img_00185.png,-0.2
img_00186.png,-0.2
img_00187.png,-0.2
img_00188.png,-0.2
img_00189.png,0.0
img_00190.png,0.0
img_00191.png,0.0
img_00192.png,0.0
img_00193.png,-0.2
img_00194.png,0.0
img_00195.png,0.0
img_00196.png,0.0
img_00197.png,0.0
img_00198.png,0.0
img_00199.png,0.0
img_00200.png,0.0
img_00201.png,0.0
img_00202.png,0.0
img_00203.png,0.0
img_00204.png,0.0
img_00205.png,0.0
img_00206.png,0.0
img_00207.png,0.0
img_00208.png,0.0
img_00209.png,0.0
img_00210.png,0.0
img_00211.png,0.0
img_00212.png,0.0
img_00213.png,0.0
img_00214.png,0.0
img_00215.png,0.0
img_00216.png,0.0
img_00217.png,0.0
img_00218.png,0.0
img_00219.png,0.0
img_00220.png,0.0
img_00221.png,0.0
img_00222.png,0.0
img_00223.png,0.0
img_00224.png,0.0
img_00225.png,0.0
img_00226.png,0.0
img_00227.png,0.0
img_00228.png,0.0
img_00229.png,0.0
img_00230.png,0.0
img_00231.png,0.0
img_00232.png,0.0
img_00233.png,0.0
img_00234.png,0.0
img_00235.png,0.0
img_00236.png,0.0
img_00237.png,0.0
img_00238.png,0.0
img_00239.png,0.0
img_00240.png,0.0
img_00241.png,0.0
img_00242.png,0.0
img_00243.png,0.0
img_00244.png,0.0
img_00245.png,0.0
img_00246.png,0.0
img_00247.png,0.0
img_00248.png,0.0
img_00249.png,0.0
img_00250.png,0.0
img_00251.png,0.0
img_00252.png,0.0
img_00253.png,0.0
img_00254.png,0.0
img_00255.png,0.0
img_00256.png,0.0
img_00257.png,0.0
img_00258.png,0.0
img_00259.png,0.0
img_00260.png,0.0
img_00261.png,0.0
img_00262.png,0.0
img_00263.png,0.0
img_00264.png,0.0
img_00265.png,0.0
img_00266.png,0.0
img_00267.png,0.0
img_00268.png,0.0
img_00269.png,0.0
img_00270.png,0.0
img_00271.png,0.0
img_00272.png,0.0
img_00273.png,0.0
img_00274.png,0.0
img_00275.png,0.0
img_00276.png,0.0
img_00277.png,0.0
img_00278.png,0.0
img_00279.png,0.0
img_00280.png,0.0
img_00281.png,0.0
img_00282.png,0.0
img_00283.png,0.0
img_00284.png,0.0
img_00285.png,0.0
img_00286.png,0.0
img_00287.png,0.0
img_00288.png,0.0
img_00289.png,0.0
img_00290.png,0.0
img_00291.png,0.0
img_00292.png,0.0
img_00293.png,0.0
img_00294.png,0.0
img_00295.png,0.0
img_00296.png,0.0
img_00297.png,0.0
img_00298.png,0.0
img_00299.png,0.0
img_00300.png,0.0
img_00301.png,0.0
img_00302.png,0.0
img_00303.png,0.0
img_00304.png,0.0
img_00305.png,0.0
img_00306.png,0.0
img_00307.png,0.0
img_00308.png,0.0
img_00309.png,0.0
img_00310.png,0.0
img_00311.png,0.0
img_00312.png,0.0
img_00313.png,0.0
img_00314.png,0.0
img_00315.png,0.0
img_00316.png,0.0
img_00317.png,0.0
img_00318.png,0.0
img_00319.png,0.0
img_00320.png,0.0
img_00321.png,0.0
img_00322.png,0.0
img_00323.png,0.0
img_00324.png,0.0
img_00325.png,0.0
img_00326.png,0.0
img_00327.png,0.0
img_00328.png,0.0
img_00329.png,0.0
img_00330.png,0.0
img_00331.png,0.0
img_00332.png,0.0
img_00333.png,0.0
img_00334.png,0.0
img_00335.png,0.0
img_00336.png,0.0
img_00337.png,0.0
img_00338.png,0.0
img_00339.png,0.0
img_00340.png,0.0
img_00341.png,0.0
img_00342.png,0.0
img_00343.png,0.0
img_00344.png,0.0
img_00345.png,0.0
img_00346.png,0.0
img_00347.png,0.0
img_00348.png,0.0
img_00349.png,0.0
img_00350.png,0.0
img_00351.png,0.0
img_00352.png,0.0
img_00353.png,0.0
img_00354.png,0.0
img_00355.png,0.0
img_00356.png,0.0
img_00357.png,0.0
img_00358.png,0.0
img_00359.png,0.0
img_00360.png,0.0
img_00361.png,0.0
img_00362.png,0.0
img_00363.png,0.0
img_00364.png,0.0
img_00365.png,0.0
img_00366.png,0.0
img_00367.png,0.0
img_00368.png,0.0
img_00369.png,0.0
img_00370.png,0.0
img_00371.png,0.0
img_00372.png,0.0
img_00373.png,0.0
img_00374.png,0.0
img_00375.png,0.0
img_00376.png,0.0
img_00377.png,0.0
img_00378.png,0.0
img_00379.png,0.0
img_00380.png,0.0
img_00381.png,0.0
img_00382.png,0.0
img_00383.png,0.0
img_00384.png,0.0
img_00385.png,0.0
img_00386.png,0.0
img_00387.png,0.0
img_00388.png,0.0
img_00389.png,0.0
img_00390.png,0.0
img_00391.png,0.0
img_00392.png,0.0
img_00393.png,0.0
img_00394.png,0.0
img_00395.png,0.0
img_00396.png,0.0
img_00397.png,0.0
img_00398.png,0.0
img_00399.png,0.0
img_00400.png,0.0
img_00401.png,0.0
img_00402.png,0.0
img_00403.png,0.0
img_00404.png,0.0
img_00405.png,0.0
img_00406.png,0.0
img_00407.png,0.0
img_00408.png,0.0
img_00409.png,0.0
img_00410.png,0.0
img_00411.png,0.0
img_00412.png,0.0
img_00413.png,0.0
img_00414.png,0.0
img_00415.png,0.0
img_00416.png,0.0
img_00417.png,0.0
img_00418.png,0.0
img_00419.png,0.0
img_00420.png,0.0
img_00421.png,0.0
img_00422.png,0.0
img_00423.png,0.0
img_00424.png,0.0
img_00425.png,0.0
img_00426.png,0.0
img_00427.png,0.0
img_00428.png,0.0
img_00429.png,0.0
img_00430.png,0.0
img_00431.png,0.0
img_00432.png,0.0
img_00433.png,0.0
img_00434.png,0.0
img_00435.png,0.0
img_00436.png,0.0
img_00437.png,0.0
img_00438.png,0.0
img_00439.png,0.0
img_00440.png,0.0
img_00441.png,0.0
img_00442.png,0.0
img_00443.png,0.0
img_00444.png,0.0
img_00445.png,0.0
img_00446.png,0.0
img_00447.png,0.0
img_00448.png,0.0
img_00449.png,0.0
img_00450.png,0.0
img_00451.png,0.0
img_00452.png,-0.2
img_00453.png,0.0
img_00454.png,0.0
img_00455.png,-0.2
img_00456.png,0.0
img_00457.png,-0.2
img_00458.png,0.0
img_00459.png,0.0
img_00460.png,0.0
img_00461.png,0.0
img_00462.png,0.0
img_00463.png,0.0
img_00464.png,0.0
img_00465.png,0.0
img_00466.png,0.0
img_00467.png,0.0
img_00468.png,0.0
img_00469.png,-0.2
img_00470.png,0.0
img_00471.png,0.0
img_00472.png,-0.2
img_00473.png,0.0
img_00474.png,0.0
img_00475.png,0.0
img_00476.png,-0.2
img_00477.png,0.0
img_00478.png,0.0
img_00479.png,0.0
img_00480.png,0.0
img_00481.png,0.0
img_00482.png,0.0
img_00483.png,0.0
img_00484.png,0.0
img_00485.png,0.0
img_00486.png,0.0
img_00487.png,0.0
img_00488.png,0.0
img_00489.png,0.0
img_00490.png,-0.2
img_00491.png,0.0
img_00492.png,-0.2
img_00493.png,0.0
img_00494.png,0.0
img_00495.png,-0.2
img_00496.png,0.0
img_00497.png,-0.2
img_00498.png,0.0
img_00499.png,0.0
img_00500.png,0.0
img_00501.png,0.0
img_00502.png,0.0
img_00503.png,0.0
img_00504.png,0.0
img_00505.png,-0.2
img_00506.png,0.0
img_00507.png,0.0
img_00508.png,0.0
img_00509.png,-0.2
img_00510.png,0.0
img_00511.png,-0.2
img_00512.png,0.0
img_00513.png,0.0
img_00514.png,-0.2
img_00515.png,0.0
img_00516.png,-0.2
img_00517.png,0.0
img_00518.png,-0.2
img_00519.png,-0.2
img_00520.png,0.0
img_00521.png,-0.2
img_00522.png,0.0
img_00523.png,0.0
img_00524.png,0.0
img_00525.png,-0.2
img_00526.png,0.0
img_00527.png,0.0
img_00528.png,0.0
img_00529.png,0.0
img_00530.png,0.0
img_00531.png,0.0
img_00532.png,0.0
img_00533.png,0.0
img_00534.png,0.0
img_00535.png,0.0
img_00536.png,0.0
img_00537.png,0.0
img_00538.png,0.0
img_00539.png,0.0
img_00540.png,0.0
img_00541.png,0.0
img_00542.png,-0.2
img_00543.png,0.0
img_00544.png,0.0
img_00545.png,-0.2
img_00546.png,0.0
img_00547.png,-0.2
img_00548.png,0.0
img_00549.png,0.0
img_00550.png,-0.2
img_00551.png,0.0
img_00552.png,0.0
img_00553.png,0.0
img_00554.png,-0.2
img_00555.png,0.0
img_00556.png,0.0
img_00557.png,-0.2
img_00558.png,0.0
img_00559.png,0.0
img_00560.png,-0.2
img_00561.png,0.0
img_00562.png,0.0
img_00563.png,0.0
img_00564.png,0.0
img_00565.png,0.0
img_00566.png,0.0
img_00567.png,0.0
img_00568.png,0.0
img_00569.png,0.0
img_00570.png,-0.2
img_00571.png,0.0
img_00572.png,0.0
img_00573.png,-0.2
img_00574.png,0.0
img_00575.png,0.0
img_00576.png,-0.2
img_00577.png,0.0
img_00578.png,0.0
img_00579.png,0.0
img_00580.png,0.0
img_00581.png,0.0
img_00582.png,-0.2
img_00583.png,0.0
img_00584.png,0.0
img_00585.png,0.0
img_00586.png,0.0
img_00587.png,0.0
img_00588.png,-0.2
img_00589.png,0.0
img_00590.png,0.0
img_00591.png,0.0
img_00592.png,0.0
img_00593.png,0.0
img_00594.png,0.0
img_00595.png,0.0
img_00596.png,0.0
img_00597.png,0.0
img_00598.png,0.0
img_00599.png,0.0
img_00600.png,0.0
img_00601.png,0.0
img_00602.png,0.0
img_00603.png,0.0
img_00604.png,-0.2
img_00605.png,0.0
img_00606.png,0.0
img_00607.png,0.0
img_00608.png,0.0
img_00609.png,0.0
img_00610.png,0.0
img_00611.png,0.0
img_00612.png,0.0
img_00613.png,0.0
img_00614.png,0.0
img_00615.png,0.0
img_00616.png,0.0
img_00617.png,0.0
img_00618.png,0.0
img_00619.png,0.0
img_00620.png,0.0
img_00621.png,0.0
img_00622.png,0.0
img_00623.png,0.0
img_00624.png,0.0
img_00625.png,-0.2
img_00626.png,0.0
img_00627.png,0.0
img_00628.png,-0.2
img_00629.png,0.0
img_00630.png,0.0
img_00631.png,0.0
img_00632.png,0.0
img_00633.png,0.0
img_00634.png,0.0
img_00635.png,0.0
img_00636.png,0.0
img_00637.png,0.0
img_00638.png,0.0
img_00639.png,0.0
img_00640.png,-0.2
img_00641.png,0.0
img_00642.png,0.0
img_00643.png,0.0
img_00644.png,0.0
img_00645.png,0.0
img_00646.png,0.0
img_00647.png,0.0
img_00648.png,0.0
img_00649.png,0.0
img_00650.png,0.0
img_00651.png,0.0
img_00652.png,0.0
img_00653.png,0.0
img_00654.png,0.0
img_00655.png,0.0
img_00656.png,0.0
img_00657.png,0.0
img_00658.png,0.0
img_00659.png,0.0
img_00660.png,0.0
img_00661.png,0.0
img_00662.png,0.0
img_00663.png,0.0
img_00664.png,0.0
img_00665.png,0.0
img_00666.png,0.0
img_00667.png,0.0
img_00668.png,0.0
img_00669.png,0.0
img_00670.png,0.0
img_00671.png,0.0
img_00672.png,0.0
img_00673.png,0.0
img_00674.png,0.0
img_00675.png,0.0
img_00676.png,0.0
img_00677.png,0.0
img_00678.png,0.0
img_00679.png,0.0
img_00680.png,0.0
img_00681.png,0.0
img_00682.png,0.0
img_00683.png,0.0
img_00684.png,0.0
img_00685.png,0.0
img_00686.png,0.0
img_00687.png,0.0
img_00688.png,0.0
img_00689.png,0.0
img_00690.png,0.0
img_00691.png,0.0
img_00692.png,0.0
img_00693.png,0.0
img_00694.png,0.0
img_00695.png,0.0
img_00696.png,0.0
img_00697.png,0.0
img_00698.png,0.0
img_00699.png,0.0
img_00700.png,0.0
img_00701.png,0.0
img_00702.png,0.0
img_00703.png,0.0
img_00704.png,0.0
img_00705.png,0.0
img_00706.png,0.0
img_00707.png,0.0
img_00708.png,0.0
img_00709.png,0.0
img_00710.png,0.0
img_00711.png,0.0
img_00712.png,0.0
img_00713.png,0.0
img_00714.png,0.0
img_00715.png,0.0
img_00716.png,0.0
img_00717.png,0.0
img_00718.png,0.0
img_00719.png,0.0
img_00720.png,0.0
img_00721.png,0.0
img_00722.png,0.0
img_00723.png,0.0
img_00724.png,0.0
img_00725.png,0.0
img_00726.png,0.0
img_00727.png,0.0
img_00728.png,0.0
img_00729.png,0.0
img_00730.png,0.0
img_00731.png,0.0
img_00732.png,0.0
img_00733.png,0.0
img_00734.png,0.0
img_00735.png,0.0
img_00736.png,0.0
img_00737.png,0.0
img_00738.png,0.0
img_00739.png,0.0
img_00740.png,0.0
img_00741.png,0.0
img_00742.png,0.0
img_00743.png,0.0
img_00744.png,0.0
img_00745.png,0.0
img_00746.png,0.0
img_00747.png,0.0
img_00748.png,0.0
img_00749.png,0.0
img_00750.png,0.0
img_00751.png,0.0
img_00752.png,0.0
img_00753.png,0.0
img_00754.png,0.0
img_00755.png,0.0
img_00756.png,0.0
img_00757.png,0.0
img_00758.png,0.0
img_00759.png,-0.2
img_00760.png,0.0
img_00761.png,0.0
img_00762.png,0.0
img_00763.png,0.0
img_00764.png,0.0
img_00765.png,0.0
img_00766.png,-0.2
img_00767.png,0.0
img_00768.png,0.0
img_00769.png,-0.2
img_00770.png,-0.2
img_00771.png,0.0
img_00772.png,0.0
img_00773.png,0.0
img_00774.png,-0.2
img_00775.png,-0.2
img_00776.png,0.0
img_00777.png,0.0
img_00778.png,0.0
img_00779.png,0.0
img_00780.png,-0.2
img_00781.png,-0.2
img_00782.png,-0.2
img_00783.png,0.0
img_00784.png,0.0
img_00785.png,0.0
img_00786.png,0.0
img_00787.png,0.0
img_00788.png,-0.2
img_00789.png,0.0
img_00790.png,0.0
img_00791.png,-0.2
img_00792.png,-0.2
img_00793.png,0.0
img_00794.png,0.0
img_00795.png,0.0
img_00796.png,0.0
img_00797.png,-0.2
img_00798.png,-0.2
img_00799.png,0.0
img_00800.png,0.0
img_00801.png,-0.2
img_00802.png,-0.2
img_00803.png,-0.2
img_00804.png,-0.2
img_00805.png,-0.2
img_00806.png,0.0
img_00807.png,0.0
img_00808.png,-0.2
img_00809.png,-0.2
img_00810.png,-0.2
img_00811.png,-0.2
img_00812.png,-0.2
img_00813.png,0.0
img_00814.png,0.0
img_00815.png,0.0
img_00816.png,0.0
img_00817.png,0.0
img_00818.png,0.0
img_00819.png,0.0
img_00820.png,0.0
img_00821.png,0.0
img_00822.png,0.0
img_00823.png,0.0
img_00824.png,0.0
img_00825.png,0.0
img_00826.png,0.0
img_00827.png,0.0
img_00828.png,0.0
img_00829.png,0.0
img_00830.png,-0.2
img_00831.png,0.0
img_00832.png,0.0
img_00833.png,-0.2
img_00834.png,-0.2
img_00835.png,-0.2
img_00836.png,0.0
img_00837.png,0.0
img_00838.png,0.0
img_00839.png,0.0
img_00840.png,-0.2
img_00841.png,0.0
img_00842.png,0.0
img_00843.png,0.0
img_00844.png,0.0
img_00845.png,0.0
img_00846.png,0.0
img_00847.png,0.0
img_00848.png,0.0
img_00849.png,0.0
img_00850.png,0.0
img_00851.png,0.0
img_00852.png,0.0
img_00853.png,0.0
img_00854.png,0.0
img_00855.png,0.0
img_00856.png,0.0
img_00857.png,0.0
img_00858.png,0.0
img_00859.png,0.0
img_00860.png,0.0
img_00861.png,0.0
img_00862.png,0.0
img_00863.png,0.0
img_00864.png,0.0
img_00865.png,0.0
img_00866.png,0.0
img_00867.png,0.0
img_00868.png,0.0
img_00869.png,0.0
img_00870.png,0.0
img_00871.png,0.0
img_00872.png,0.0
img_00873.png,0.0
img_00874.png,0.2
img_00875.png,0.0
img_00876.png,0.0
img_00877.png,0.0
img_00878.png,0.0
img_00879.png,0.0
img_00880.png,0.0
img_00881.png,0.0
img_00882.png,0.0
img_00883.png,0.0
img_00884.png,0.2
img_00885.png,0.0
img_00886.png,0.2
img_00887.png,0.0
img_00888.png,0.2
img_00889.png,0.0
img_00890.png,0.0
img_00891.png,0.0
img_00892.png,0.0
img_00893.png,0.2
img_00894.png,0.0
img_00895.png,0.0
img_00896.png,0.0
img_00897.png,0.0
img_00898.png,0.0
img_00899.png,0.0
img_00900.png,0.0
img_00901.png,0.0
img_00902.png,0.0
img_00903.png,0.0
img_00904.png,0.0
img_00905.png,0.0
img_00906.png,0.0
img_00907.png,0.2
img_00908.png,0.2
img_00909.png,0.2
img_00910.png,0.2
img_00911.png,0.2
img_00912.png,0.2
img_00913.png,0.2
img_00914.png,0.2
img_00915.png,0.2
img_00916.png,0.2
img_00917.png,0.0
img_00918.png,0.0
img_00919.png,0.0
img_00920.png,0.0
img_00921.png,0.0
img_00922.png,0.2
img_00923.png,0.2
img_00924.png,0.0
img_00925.png,0.2
img_00926.png,0.2
img_00927.png,0.2
img_00928.png,0.0
img_00929.png,0.0
img_00930.png,0.0
img_00931.png,0.2
img_00932.png,0.0
img_00933.png,0.0
img_00934.png,0.0
img_00935.png,0.0
img_00936.png,0.2
img_00937.png,0.2
img_00938.png,0.2
img_00939.png,0.0
img_00940.png,0.0
img_00941.png,0.0
img_00942.png,0.2
img_00943.png,0.0
img_00944.png,0.0
img_00945.png,0.0
img_00946.png,0.0
img_00947.png,0.0
img_00948.png,0.0
img_00949.png,0.0
img_00950.png,-0.2
img_00951.png,-0.2
img_00952.png,0.0
img_00953.png,0.0
img_00954.png,0.0
img_00955.png,0.0
img_00956.png,-0.2
img_00957.png,-0.2
img_00958.png,0.0
img_00959.png,0.0
img_00960.png,0.0
img_00961.png,0.0
img_00962.png,0.0
img_00963.png,0.0
img_00964.png,0.0
img_00965.png,0.0
img_00966.png,-0.2
img_00967.png,-0.2
img_00968.png,0.0
img_00969.png,0.0
img_00970.png,-0.2
img_00971.png,-0.2
img_00972.png,-0.2
img_00973.png,-0.2
img_00974.png,0.0
img_00975.png,0.0
img_00976.png,0.0
img_00977.png,0.0
img_00978.png,0.0
img_00979.png,0.0
img_00980.png,0.0
img_00981.png,0.0
img_00982.png,0.0
img_00983.png,0.0
img_00984.png,0.0
img_00985.png,-0.2
img_00986.png,-0.2
img_00987.png,-0.2
img_00988.png,0.0
img_00989.png,-0.2
img_00990.png,-0.2
img_00991.png,-0.2
img_00992.png,-0.2
img_00993.png,0.0
img_00994.png,0.0
img_00995.png,-0.2
img_00996.png,-0.2
img_00997.png,-0.2
img_00998.png,0.0
img_00999.png,0.0
img_01000.png,0.0
img_01001.png,0.0
img_01002.png,0.0
img_01003.png,-0.2
img_01004.png,-0.2
img_01005.png,0.0
img_01006.png,-0.2
img_01007.png,-0.2
img_01008.png,-0.2
img_01009.png,-0.2
img_01010.png,-0.2
img_01011.png,0.0
img_01012.png,-0.2
img_01013.png,-0.2
img_01014.png,-0.2
img_01015.png,0.0
img_01016.png,0.0
img_01017.png,0.0
img_01018.png,0.0
img_01019.png,0.0
img_01020.png,0.2
img_01021.png,0.0
img_01022.png,0.0
img_01023.png,0.0
img_01024.png,0.0
img_01025.png,0.0
img_01026.png,0.0
img_01027.png,-0.2
img_01028.png,-0.2
img_01029.png,0.0
img_01030.png,0.0
img_01031.png,-0.2
img_01032.png,0.0
img_01033.png,-0.2
img_01034.png,-0.2
img_01035.png,-0.2
img_01036.png,-0.2
img_01037.png,0.0
img_01038.png,0.0
img_01039.png,0.0
img_01040.png,0.0
img_01041.png,0.0
img_01042.png,-0.2
img_01043.png,-0.2
img_01044.png,-0.2
img_01045.png,-0.2
img_01046.png,0.0
img_01047.png,0.0
img_01048.png,0.0
img_01049.png,0.0
img_01050.png,-0.2
img_01051.png,-0.2
img_01052.png,-0.2
img_01053.png,-0.2
img_01054.png,0.0
img_01055.png,0.0
img_01056.png,0.0
img_01057.png,0.0
img_01058.png,0.0
img_01059.png,0.0
img_01060.png,0.0
img_01061.png,0.0
img_01062.png,0.0
img_01063.png,0.0
img_01064.png,0.0
img_01065.png,-0.2
img_01066.png,-0.2
img_01067.png,-0.2
img_01068.png,-0.2
img_01069.png,-0.2
img_01070.png,0.0
img_01071.png,0.0
img_01072.png,0.0
img_01073.png,0.0
img_01074.png,0.0
img_01075.png,0.0
img_01076.png,0.0
img_01077.png,0.0
img_01078.png,0.0
img_01079.png,0.0
img_01080.png,0.0
img_01081.png,0.0
img_01082.png,0.0
img_01083.png,-0.2
img_01084.png,0.0
img_01085.png,-0.2
img_01086.png,0.0
img_01087.png,0.0
img_01088.png,0.0
img_01089.png,0.0
img_01090.png,0.0
img_01091.png,0.0
img_01092.png,0.0
img_01093.png,0.0
img_01094.png,0.0
img_01095.png,0.0
img_01096.png,0.0
img_01097.png,0.0
img_01098.png,0.0
img_01099.png,0.0
img_01100.png,0.0
img_01101.png,0.0
img_01102.png,0.0
img_01103.png,0.0
img_01104.png,0.0
img_01105.png,0.0
img_01106.png,0.0
img_01107.png,0.0
img_01108.png,0.0
img_01109.png,0.0
img_01110.png,0.0
img_01111.png,0.0
img_01112.png,0.0
img_01113.png,0.0
img_01114.png,0.0
img_01115.png,0.0
img_01116.png,0.0
img_01117.png,0.0
img_01118.png,0.0
img_01119.png,0.0
img_01120.png,0.0
img_01121.png,0.0
img_01122.png,0.0
img_01123.png,0.0
img_01124.png,0.0
img_01125.png,0.0
img_01126.png,0.0
img_01127.png,0.0
img_01128.png,0.0
img_01129.png,0.0
img_01130.png,0.0
img_01131.png,0.0
img_01132.png,0.0
img_01133.png,0.0
img_01134.png,0.0
img_01135.png,0.0
img_01136.png,0.0
img_01137.png,0.0
img_01138.png,0.0
img_01139.png,0.0
img_01140.png,0.0
img_01141.png,0.0
img_01142.png,0.0
img_01143.png,0.0
img_01144.png,0.0
img_01145.png,0.0
img_01146.png,0.0
img_01147.png,0.0
img_01148.png,0.0
img_01149.png,0.0
img_01150.png,0.0
img_01151.png,0.0
img_01152.png,0.0
img_01153.png,0.0
img_01154.png,0.0
img_01155.png,0.0
img_01156.png,0.0
img_01157.png,0.0
img_01158.png,0.0
img_01159.png,0.0
img_01160.png,0.0
img_01161.png,0.0
img_01162.png,0.0
img_01163.png,0.0
img_01164.png,0.0
img_01165.png,0.0
img_01166.png,0.0
img_01167.png,0.0
img_01168.png,0.0
img_01169.png,0.0
img_01170.png,0.0
img_01171.png,0.0
img_01172.png,0.0
img_01173.png,0.0
img_01174.png,0.0
img_01175.png,0.0
img_01176.png,0.0
img_01177.png,0.0
img_01178.png,0.0
img_01179.png,0.0
img_01180.png,0.0
img_01181.png,0.0
img_01182.png,0.0
img_01183.png,0.0
img_01184.png,0.0
img_01185.png,0.0
img_01186.png,0.0
img_01187.png,0.0
img_01188.png,0.0
img_01189.png,0.0
img_01190.png,0.0
img_01191.png,0.0
img_01192.png,0.0
img_01193.png,0.0
img_01194.png,0.0
img_01195.png,0.0
img_01196.png,0.0
img_01197.png,0.0
img_01198.png,0.0
img_01199.png,0.0
img_01200.png,0.0
img_01201.png,0.0
img_01202.png,0.0
img_01203.png,0.0
img_01204.png,0.0
img_01205.png,0.0
img_01206.png,0.0
img_01207.png,0.0
img_01208.png,0.0
img_01209.png,0.0
img_01210.png,0.0
img_01211.png,0.0
img_01212.png,0.0
img_01213.png,0.0
img_01214.png,0.0
img_01215.png,0.0
img_01216.png,0.0
img_01217.png,0.0
img_01218.png,0.0
img_01219.png,0.0
img_01220.png,0.0
img_01221.png,0.0
img_01222.png,0.0
img_01223.png,0.0
img_01224.png,0.0
img_01225.png,0.0
img_01226.png,0.0
img_01227.png,0.0
img_01228.png,0.0
img_01229.png,0.0
img_01230.png,0.0
img_01231.png,0.0
img_01232.png,0.0
img_01233.png,0.0
img_01234.png,0.0
img_01235.png,0.0
img_01236.png,-0.2
img_01237.png,-0.2
img_01238.png,-0.2
img_01239.png,-0.2
img_01240.png,-0.2
img_01241.png,-0.2
img_01242.png,-0.2
img_01243.png,-0.2
img_01244.png,-0.2
img_01245.png,-0.2
img_01246.png,-0.2
img_01247.png,-0.2
img_01248.png,-0.2
img_01249.png,-0.2
img_01250.png,-0.2
img_01251.png,-0.2
img_01252.png,-0.2
img_01253.png,-0.2
img_01254.png,-0.2
img_01255.png,0.0
img_01256.png,0.0
img_01257.png,0.0
img_01258.png,-0.2
img_01259.png,-0.2
img_01260.png,-0.2
img_01261.png,0.0
img_01262.png,0.0
img_01263.png,-0.2
img_01264.png,-0.2
img_01265.png,-0.2
img_01266.png,-0.2
img_01267.png,-0.2
img_01268.png,-0.2
img_01269.png,-0.2
img_01270.png,-0.2
img_01271.png,0.0
img_01272.png,0.0
img_01273.png,0.0
img_01274.png,0.0
img_01275.png,0.0
img_01276.png,0.0
img_01277.png,0.0
img_01278.png,0.0
img_01279.png,0.0
img_01280.png,0.0
img_01281.png,0.0
img_01282.png,0.0
img_01283.png,0.0
img_01284.png,0.0
img_01285.png,0.0
img_01286.png,0.0
img_01287.png,0.0
img_01288.png,0.0
img_01289.png,0.0
img_01290.png,0.0
img_01291.png,0.0
img_01292.png,0.0
img_01293.png,0.0
img_01294.png,0.0
img_01295.png,0.0
img_01296.png,0.0
img_01297.png,0.0
img_01298.png,0.0
img_01299.png,0.0
img_01300.png,0.0
img_01301.png,0.0
img_01302.png,0.0
img_01303.png,0.0
img_01304.png,0.0
img_01305.png,0.0
img_01306.png,0.0
img_01307.png,0.0
img_01308.png,0.0
img_01309.png,-0.2
img_01310.png,-0.2
img_01311.png,-0.2
img_01312.png,0.0
img_01313.png,0.0
img_01314.png,0.0
img_01315.png,-0.2
img_01316.png,-0.2
img_01317.png,-0.2
img_01318.png,0.0
img_01319.png,0.0
img_01320.png,0.0
img_01321.png,0.0
img_01322.png,0.0
img_01323.png,-0.2
img_01324.png,-0.2
img_01325.png,-0.2
img_01326.png,-0.2
img_01327.png,-0.2
img_01328.png,-0.2
img_01329.png,-0.2
img_01330.png,-0.2
img_01331.png,-0.2
img_01332.png,-0.2
img_01333.png,-0.2
img_01334.png,-0.2
img_01335.png,0.0
img_01336.png,0.0
img_01337.png,0.0
img_01338.png,0.0
img_01339.png,0.0
img_01340.png,0.0
img_01341.png,0.0
img_01342.png,0.0
img_01343.png,0.0
img_01344.png,0.2
img_01345.png,0.2
img_01346.png,0.0
img_01347.png,0.2
img_01348.png,0.2
img_01349.png,0.2
img_01350.png,0.2
img_01351.png,0.2
img_01352.png,0.2
img_01353.png,0.2
img_01354.png,0.0
img_01355.png,0.0
img_01356.png,0.0
img_01357.png,0.0
img_01358.png,0.0
img_01359.png,0.0
img_01360.png,0.0
img_01361.png,0.0
img_01362.png,0.0
img_01363.png,0.0
img_01364.png,0.0
img_01365.png,0.0
img_01366.png,0.0
img_01367.png,0.0
img_01368.png,0.0
img_01369.png,-0.2
img_01370.png,0.0
img_01371.png,0.0
img_01372.png,0.0
img_01373.png,0.0
img_01374.png,0.0
img_01375.png,0.0
img_01376.png,0.0
img_01377.png,0.0
img_01378.png,0.0
img_01379.png,0.0
img_01380.png,0.0
img_01381.png,0.0
img_01382.png,0.0
img_01383.png,0.2
img_01384.png,0.2
img_01385.png,0.2
img_01386.png,0.2
img_01387.png,0.0
img_01388.png,0.0
img_01389.png,0.2
img_01390.png,0.2
img_01391.png,0.2
img_01392.png,0.0
img_01393.png,0.0
img_01394.png,0.0
img_01395.png,0.0
img_01396.png,0.0
img_01397.png,0.0
img_01398.png,-0.2
img_01399.png,-0.2
img_01400.png,-0.2
img_01401.png,0.0
img_01402.png,0.0
img_01403.png,-0.2
img_01404.png,0.0
img_01405.png,0.0
img_01406.png,0.0
img_01407.png,0.0
img_01408.png,0.0
img_01409.png,0.0
img_01410.png,0.0
img_01411.png,0.0
img_01412.png,0.0
img_01413.png,0.0
img_01414.png,0.0
img_01415.png,-0.2
img_01416.png,-0.2
img_01417.png,-0.2
img_01418.png,-0.2
img_01419.png,-0.2
img_01420.png,-0.2
img_01421.png,-0.2
img_01422.png,-0.2
img_01423.png,-0.2
img_01424.png,-0.2
img_01425.png,0.0
img_01426.png,0.0
img_01427.png,0.0
img_01428.png,0.0
img_01429.png,0.0
img_01430.png,0.0
img_01431.png,0.0
img_01432.png,0.0
img_01433.png,0.0
img_01434.png,0.0
img_01435.png,0.0
img_01436.png,0.0
img_01437.png,0.0
img_01438.png,0.0
img_01439.png,-0.2
img_01440.png,-0.2
img_01441.png,-0.2
img_01442.png,-0.2
img_01443.png,-0.2
img_01444.png,-0.2
img_01445.png,0.0
img_01446.png,0.0
img_01447.png,0.0
img_01448.png,0.0
img_01449.png,0.0
img_01450.png,0.0
img_01451.png,0.0
img_01452.png,0.0
img_01453.png,0.0
img_01454.png,0.0
img_01455.png,0.0
img_01456.png,0.0
img_01457.png,-0.2
img_01458.png,-0.2
img_01459.png,-0.2
img_01460.png,-0.2
img_01461.png,-0.2
img_01462.png,-0.2
img_01463.png,-0.2
img_01464.png,-0.2
img_01465.png,-0.2
img_01466.png,-0.2
img_01467.png,0.0
img_01468.png,0.0
img_01469.png,0.0
img_01470.png,0.0
img_01471.png,0.0
img_01472.png,0.0
img_01473.png,0.0
img_01474.png,-0.2
img_01475.png,-0.2
img_01476.png,-0.2
img_01477.png,0.0
img_01478.png,0.0
img_01479.png,0.0
img_01480.png,0.0
img_01481.png,0.0
img_01482.png,0.0
img_01483.png,-0.2
img_01484.png,-0.2
img_01485.png,-0.2
img_01486.png,0.0
img_01487.png,0.0
img_01488.png,0.0
img_01489.png,0.0
img_01490.png,0.0
img_01491.png,0.0
img_01492.png,0.0
img_01493.png,0.0
img_01494.png,0.0
img_01495.png,0.0
img_01496.png,0.0
img_01497.png,0.0
img_01498.png,0.0
img_01499.png,0.0
img_01500.png,0.0
img_01501.png,0.0
img_01502.png,0.0
img_01503.png,0.0
img_01504.png,0.0
img_01505.png,0.0
img_01506.png,0.0
img_01507.png,0.0
img_01508.png,0.0
img_01509.png,0.0
img_01510.png,0.0
img_01511.png,0.0
img_01512.png,0.0
img_01513.png,0.0
img_01514.png,0.0
img_01515.png,0.0
img_01516.png,-0.2
img_01517.png,0.0
img_01518.png,0.0
img_01519.png,0.0
img_01520.png,0.0
img_01521.png,0.0
img_01522.png,0.0
img_01523.png,0.0
img_01524.png,0.0
img_01525.png,0.0
img_01526.png,0.0
img_01527.png,0.0
img_01528.png,0.0
img_01529.png,0.0
img_01530.png,0.0
img_01531.png,0.0
img_01532.png,0.0
img_01533.png,-0.2
img_01534.png,0.0
img_01535.png,0.0
img_01536.png,0.0
img_01537.png,0.0
img_01538.png,0.0
img_01539.png,0.0
img_01540.png,0.0
img_01541.png,0.2
img_01542.png,0.0
img_01543.png,0.0
img_01544.png,0.0
img_01545.png,0.2
img_01546.png,0.0
img_01547.png,0.0
img_01548.png,0.0
img_01549.png,0.0
img_01550.png,0.0
img_01551.png,0.0
img_01552.png,0.0
img_01553.png,0.0
img_01554.png,0.0
img_01555.png,0.0
img_01556.png,0.0
img_01557.png,0.0
img_01558.png,0.0
img_01559.png,0.0
img_01560.png,0.0
img_01561.png,0.0
img_01562.png,0.0
img_01563.png,0.0
img_01564.png,0.0
img_01565.png,0.0
img_01566.png,0.2
img_01567.png,0.0
img_01568.png,0.0
img_01569.png,0.0
img_01570.png,0.0
img_01571.png,0.0
img_01572.png,0.0
img_01573.png,0.0
img_01574.png,0.2
img_01575.png,0.2
img_01576.png,0.2
img_01577.png,0.2
img_01578.png,0.2
img_01579.png,0.2
img_01580.png,0.2
img_01581.png,0.0
img_01582.png,0.0
img_01583.png,0.0
img_01584.png,0.0
img_01585.png,0.0
img_01586.png,0.2
img_01587.png,0.2
img_01588.png,0.2
img_01589.png,0.0
img_01590.png,0.0
img_01591.png,0.0
img_01592.png,0.2
img_01593.png,0.2
img_01594.png,0.2
img_01595.png,0.2
img_01596.png,0.2
img_01597.png,0.2
img_01598.png,0.0
img_01599.png,-0.2
img_01600.png,-0.2
img_01601.png,0.0
img_01602.png,0.0
img_01603.png,0.0
img_01604.png,0.2
img_01605.png,0.2
img_01606.png,0.2
img_01607.png,0.2
img_01608.png,0.2
img_01609.png,0.2
img_01610.png,0.2
img_01611.png,0.2
img_01612.png,0.2
img_01613.png,0.2
img_01614.png,0.2
img_01615.png,0.2
img_01616.png,0.2
img_01617.png,0.2
img_01618.png,0.0
img_01619.png,0.2
img_01620.png,0.2
img_01621.png,0.2
img_01622.png,0.2
img_01623.png,0.2
img_01624.png,0.2
img_01625.png,0.2
img_01626.png,0.2
img_01627.png,0.2
img_01628.png,0.2
img_01629.png,0.2
img_01630.png,0.2
img_01631.png,0.2
img_01632.png,0.2
img_01633.png,0.2
img_01634.png,0.2
img_01635.png,0.2
img_01636.png,0.2
img_01637.png,0.2
img_01638.png,0.2
img_01639.png,-0.2
img_01640.png,-0.2
img_01641.png,0.0
img_01642.png,0.2
img_01643.png,0.2
img_01644.png,0.2
img_01645.png,0.0
img_01646.png,0.0
img_01647.png,0.0
img_01648.png,0.0
img_01649.png,0.2
img_01650.png,0.2
img_01651.png,0.0
img_01652.png,0.0
img_01653.png,0.0
img_01654.png,0.0
img_01655.png,0.0
img_01656.png,0.0
img_01657.png,0.2
img_01658.png,0.2
img_01659.png,0.2
img_01660.png,0.0
img_01661.png,0.0
img_01662.png,0.0
img_01663.png,0.2
img_01664.png,0.2
img_01665.png,0.2
img_01666.png,0.0
img_01667.png,0.0
img_01668.png,-0.2
img_01669.png,0.0
img_01670.png,0.0
img_01671.png,0.0
img_01672.png,0.0
img_01673.png,0.0
img_01674.png,0.2
img_01675.png,0.0
img_01676.png,0.0
img_01677.png,0.0
img_01678.png,0.0
img_01679.png,0.0
img_01680.png,0.0
img_01681.png,0.0
img_01682.png,0.0
img_01683.png,0.0
img_01684.png,0.0
img_01685.png,0.0
img_01686.png,0.0
img_01687.png,0.0
img_01688.png,0.0
img_01689.png,0.0
img_01690.png,0.0
img_01691.png,0.0
img_01692.png,0.0
img_01693.png,0.0
img_01694.png,0.0
img_01695.png,0.0
img_01696.png,0.0
img_01697.png,0.0
img_01698.png,0.0
img_01699.png,0.0
img_01700.png,0.0
img_01701.png,0.0
img_01702.png,0.0
img_01703.png,0.0
img_01704.png,0.0
img_01705.png,0.0
img_01706.png,0.0
img_01707.png,0.0
img_01708.png,0.0
img_01709.png,0.0
img_01710.png,0.0
img_01711.png,0.0
img_01712.png,0.0
img_01713.png,0.0
img_01714.png,0.0
img_01715.png,0.0
img_01716.png,0.0
img_01717.png,0.0
img_01718.png,0.0
img_01719.png,0.0
img_01720.png,0.0
img_01721.png,0.0
img_01722.png,0.0
img_01723.png,0.0
img_01724.png,0.0
img_01725.png,0.0
img_01726.png,0.0
img_01727.png,0.0
img_01728.png,0.0
img_01729.png,0.0
img_01730.png,0.0
img_01731.png,0.0
img_01732.png,0.0
img_01733.png,0.0
img_01734.png,0.0
img_01735.png,0.0
img_01736.png,0.0
img_01737.png,0.0
img_01738.png,0.0
img_01739.png,0.0
img_01740.png,0.0
img_01741.png,0.0
img_01742.png,0.0
img_01743.png,0.0
img_01744.png,0.0
img_01745.png,0.0
img_01746.png,0.0
img_01747.png,0.0
img_01748.png,0.0
img_01749.png,0.0
img_01750.png,0.0
img_01751.png,0.0
img_01752.png,0.0
img_01753.png,0.0
img_01754.png,0.0
img_01755.png,0.0
img_01756.png,0.0
img_01757.png,0.0
img_01758.png,0.0
img_01759.png,0.0
img_01760.png,0.0
img_01761.png,0.0
img_01762.png,0.0
img_01763.png,0.0
img_01764.png,0.0
img_01765.png,0.0
img_01766.png,0.0
img_01767.png,0.0
img_01768.png,0.0
img_01769.png,0.0
img_01770.png,0.0
img_01771.png,0.0
img_01772.png,0.0
img_01773.png,0.0
img_01774.png,0.0
img_01775.png,0.0
img_01776.png,0.0
img_01777.png,0.0
img_01778.png,0.0
img_01779.png,0.0
img_01780.png,0.0
img_01781.png,0.0
img_01782.png,0.0
img_01783.png,0.0
img_01784.png,0.0
img_01785.png,0.0
img_01786.png,0.0
img_01787.png,0.0
img_01788.png,0.0
img_01789.png,0.0
img_01790.png,0.0
img_01791.png,0.0
img_01792.png,0.0
img_01793.png,0.0
img_01794.png,0.0
img_01795.png,0.0
img_01796.png,0.0
img_01797.png,0.0
img_01798.png,0.0
img_01799.png,0.0
img_01800.png,0.0
img_01801.png,0.0
img_01802.png,0.0
img_01803.png,0.0
img_01804.png,0.0
img_01805.png,0.0
img_01806.png,0.0
img_01807.png,0.0
img_01808.png,0.0
img_01809.png,0.0
img_01810.png,0.0
img_01811.png,0.0
img_01812.png,0.0
img_01813.png,0.0
img_01814.png,0.0
img_01815.png,0.0
img_01816.png,0.0
img_01817.png,0.0
img_01818.png,0.0
img_01819.png,0.2
img_01820.png,0.2
img_01821.png,0.2
img_01822.png,0.2
img_01823.png,0.2
img_01824.png,0.0
img_01825.png,0.0
img_01826.png,0.0
img_01827.png,0.2
img_01828.png,0.2
img_01829.png,0.2
img_01830.png,0.0
img_01831.png,0.0
img_01832.png,0.0
img_01833.png,0.0
img_01834.png,0.0
img_01835.png,0.0
img_01836.png,0.0
img_01837.png,0.0
img_01838.png,0.2
img_01839.png,0.0
img_01840.png,0.0
img_01841.png,0.2
img_01842.png,0.2
img_01843.png,0.0
img_01844.png,0.0
img_01845.png,0.0
img_01846.png,0.0
img_01847.png,0.0
img_01848.png,0.0
img_01849.png,0.0
img_01850.png,0.0
img_01851.png,0.0
img_01852.png,0.0
img_01853.png,0.0
img_01854.png,0.0
img_01855.png,0.2
img_01856.png,0.0
img_01857.png,0.2
img_01858.png,0.0
img_01859.png,0.0
img_01860.png,0.0
img_01861.png,0.0
img_01862.png,0.0
img_01863.png,0.0
img_01864.png,0.0
img_01865.png,0.0
img_01866.png,0.2
img_01867.png,0.2
img_01868.png,0.2
img_01869.png,0.0
img_01870.png,0.0
img_01871.png,0.0
img_01872.png,0.0
img_01873.png,0.0
img_01874.png,0.2
img_01875.png,0.2
img_01876.png,0.2
img_01877.png,0.0
img_01878.png,0.0
img_01879.png,0.0
img_01880.png,0.0
img_01881.png,0.0
img_01882.png,0.0
img_01883.png,0.0
img_01884.png,0.0
img_01885.png,0.0
img_01886.png,0.0
img_01887.png,0.0
img_01888.png,0.2
img_01889.png,0.2
img_01890.png,0.0
img_01891.png,0.0
img_01892.png,0.0
img_01893.png,0.0
img_01894.png,0.0
img_01895.png,0.0
img_01896.png,0.0
img_01897.png,0.0
img_01898.png,0.2
img_01899.png,0.0
img_01900.png,0.0
img_01901.png,0.0
img_01902.png,0.2
img_01903.png,0.0
img_01904.png,0.0
img_01905.png,0.0
img_01906.png,0.0
img_01907.png,0.0
img_01908.png,0.0
img_01909.png,-0.2
img_01910.png,0.0
img_01911.png,0.0
img_01912.png,0.0
img_01913.png,0.0
img_01914.png,0.0
img_01915.png,0.2
img_01916.png,0.0
img_01917.png,0.0
img_01918.png,0.0
img_01919.png,0.0
img_01920.png,0.0
img_01921.png,0.0
img_01922.png,0.0
img_01923.png,0.0
img_01924.png,0.0
img_01925.png,0.0
img_01926.png,0.0
img_01927.png,0.0
img_01928.png,0.0
img_01929.png,0.0
img_01930.png,0.0
img_01931.png,0.0
img_01932.png,0.0
img_01933.png,0.0
img_01934.png,0.0
img_01935.png,0.0
img_01936.png,0.0
img_01937.png,0.0
img_01938.png,0.0
img_01939.png,0.0
img_01940.png,0.0
img_01941.png,0.0
img_01942.png,0.0
img_01943.png,0.0
img_01944.png,0.0
img_01945.png,0.0
img_01946.png,0.0
img_01947.png,0.0
img_01948.png,0.0
img_01949.png,0.0
img_01950.png,0.0
img_01951.png,0.0
img_01952.png,0.0
img_01953.png,0.0
img_01954.png,0.0
img_01955.png,0.0
img_01956.png,0.0
img_01957.png,0.0
img_01958.png,0.0
img_01959.png,0.0
img_01960.png,0.0
img_01961.png,0.0
img_01962.png,0.0
img_01963.png,0.0
img_01964.png,0.0
img_01965.png,0.0
img_01966.png,0.0
img_01967.png,0.0
img_01968.png,0.0
img_01969.png,0.0
img_01970.png,0.0
img_01971.png,0.0
img_01972.png,0.0
img_01973.png,0.0
img_01974.png,0.0
img_01975.png,0.0
img_01976.png,0.0
img_01977.png,0.0
img_01978.png,0.0
img_01979.png,0.0
img_01980.png,0.0
img_01981.png,0.0
img_01982.png,0.0
img_01983.png,0.0
img_01984.png,0.0
img_01985.png,0.0
img_01986.png,0.0
img_01987.png,0.0
img_01988.png,0.0
img_01989.png,0.0
img_01990.png,0.0
img_01991.png,0.0
img_01992.png,0.0
img_01993.png,0.0
img_01994.png,0.0
img_01995.png,0.0
img_01996.png,0.0
img_01997.png,0.0
img_01998.png,0.0
img_01999.png,0.0
img_02000.png,0.0
img_02001.png,0.0
img_02002.png,0.0
img_02003.png,0.0
img_02004.png,0.0
img_02005.png,0.0
img_02006.png,0.0
img_02007.png,0.0
img_02008.png,0.0
img_02009.png,0.0
img_02010.png,0.0
img_02011.png,0.0
img_02012.png,0.0
img_02013.png,0.0
img_02014.png,0.0
img_02015.png,0.0
img_02016.png,0.0
img_02017.png,0.0
img_02018.png,0.0
img_02019.png,0.0
img_02020.png,0.0
img_02021.png,0.0
img_02022.png,0.0
img_02023.png,0.0
img_02024.png,0.0
img_02025.png,0.0
img_02026.png,0.0
img_02027.png,0.0
img_02028.png,0.0
img_02029.png,0.0
img_02030.png,0.0
img_02031.png,0.0
img_02032.png,0.0
img_02033.png,0.0
img_02034.png,0.0
img_02035.png,0.0
img_02036.png,0.0
img_02037.png,0.0
img_02038.png,0.0
img_02039.png,0.0
img_02040.png,0.0
img_02041.png,0.0
img_02042.png,0.0
img_02043.png,0.0
img_02044.png,0.0
img_02045.png,0.0
img_02046.png,0.0
img_02047.png,0.0
img_02048.png,0.0
img_02049.png,0.0
img_02050.png,0.0
img_02051.png,0.0
img_02052.png,0.0
img_02053.png,0.0
img_02054.png,0.0
img_02055.png,0.0
img_02056.png,0.0
img_02057.png,0.0
img_02058.png,0.0
img_02059.png,0.0
img_02060.png,0.0
img_02061.png,0.0
img_02062.png,0.0
img_02063.png,0.0
img_02064.png,0.0
img_02065.png,0.0
img_02066.png,0.0
img_02067.png,0.0
img_02068.png,0.0
img_02069.png,0.0
img_02070.png,0.0
img_02071.png,0.0
img_02072.png,0.0
img_02073.png,0.0
img_02074.png,0.0
img_02075.png,0.0
img_02076.png,0.0
img_02077.png,0.0
img_02078.png,0.0
img_02079.png,0.0
img_02080.png,0.0
img_02081.png,0.0
img_02082.png,0.0
img_02083.png,0.0
img_02084.png,0.0
img_02085.png,0.0
img_02086.png,0.0
img_02087.png,0.0
img_02088.png,0.0
img_02089.png,0.0
img_02090.png,0.0
img_02091.png,0.0
img_02092.png,0.0
img_02093.png,0.0
img_02094.png,0.0
img_02095.png,0.0
img_02096.png,0.0
img_02097.png,0.0
img_02098.png,0.0
img_02099.png,0.0
img_02100.png,0.0
img_02101.png,0.0
img_02102.png,0.0
img_02103.png,0.0
img_02104.png,0.0
img_02105.png,0.2
img_02106.png,0.2
img_02107.png,0.0
img_02108.png,0.0
img_02109.png,0.0
img_02110.png,0.0
img_02111.png,0.0
img_02112.png,0.0
img_02113.png,0.0
img_02114.png,0.0
img_02115.png,0.2
img_02116.png,0.2
img_02117.png,0.2
img_02118.png,0.0
img_02119.png,0.0
img_02120.png,0.2
img_02121.png,0.2
img_02122.png,0.2
img_02123.png,0.2
img_02124.png,0.0
img_02125.png,-0.2
img_02126.png,0.0
img_02127.png,0.0
img_02128.png,0.0
img_02129.png,0.0
img_02130.png,0.2
img_02131.png,0.2
img_02132.png,0.2
img_02133.png,0.2
img_02134.png,0.0
img_02135.png,0.0
img_02136.png,0.0
img_02137.png,0.2
img_02138.png,0.2
img_02139.png,0.2
img_02140.png,0.0
img_02141.png,0.0
img_02142.png,0.0
img_02143.png,0.0
img_02144.png,0.0
img_02145.png,0.0
img_02146.png,0.0
img_02147.png,0.0
img_02148.png,0.2
img_02149.png,0.2
img_02150.png,0.0
img_02151.png,0.0
img_02152.png,0.0
img_02153.png,0.0
img_02154.png,0.0
img_02155.png,0.0
img_02156.png,0.0
img_02157.png,0.0
img_02158.png,0.0
img_02159.png,0.0
img_02160.png,0.0
img_02161.png,0.0
img_02162.png,0.0
img_02163.png,0.0
img_02164.png,0.0
img_02165.png,0.2
img_02166.png,0.0
img_02167.png,0.0
img_02168.png,0.0
img_02169.png,0.0
img_02170.png,0.0
img_02171.png,0.0
img_02172.png,0.0
img_02173.png,0.0
img_02174.png,0.0
img_02175.png,0.0
img_02176.png,0.0
img_02177.png,0.0
img_02178.png,0.2
img_02179.png,0.0
img_02180.png,0.0
img_02181.png,0.0
img_02182.png,0.2
img_02183.png,0.0
img_02184.png,0.0
img_02185.png,0.0
img_02186.png,0.0
img_02187.png,0.0
img_02188.png,0.0
img_02189.png,0.0
img_02190.png,0.0
img_02191.png,0.0
img_02192.png,0.0
img_02193.png,0.0
img_02194.png,0.0
img_02195.png,0.0
img_02196.png,0.0
img_02197.png,0.0
img_02198.png,0.0
img_02199.png,0.0
img_02200.png,0.0
img_02201.png,0.0
img_02202.png,0.0
img_02203.png,0.0
img_02204.png,0.0
img_02205.png,0.0
img_02206.png,0.0
img_02207.png,0.0
img_02208.png,0.0
img_02209.png,0.0
img_02210.png,0.0
img_02211.png,0.0
img_02212.png,0.0
img_02213.png,0.0
img_02214.png,0.0
img_02215.png,0.0
img_02216.png,0.0
img_02217.png,0.0
img_02218.png,0.0
img_02219.png,0.0
img_02220.png,0.0
img_02221.png,0.0
img_02222.png,0.0
img_02223.png,0.0
img_02224.png,0.0
img_02225.png,0.0
img_02226.png,0.0
img_02227.png,0.0
img_02228.png,0.0
img_02229.png,0.0
img_02230.png,0.2
img_02231.png,0.0
img_02232.png,0.0
img_02233.png,0.0
img_02234.png,0.0
img_02235.png,0.0
img_02236.png,0.0
img_02237.png,0.0
img_02238.png,0.0
img_02239.png,0.0
img_02240.png,0.0
img_02241.png,0.0
img_02242.png,0.0
img_02243.png,0.0
img_02244.png,0.0
img_02245.png,0.0
img_02246.png,0.0
img_02247.png,0.0
img_02248.png,0.0
img_02249.png,0.0
img_02250.png,0.0
img_02251.png,0.0
img_02252.png,0.0
img_02253.png,0.0
img_02254.png,0.0
img_02255.png,0.0
img_02256.png,0.0
img_02257.png,0.0
img_02258.png,0.0
img_02259.png,0.0
img_02260.png,0.0
img_02261.png,0.0
img_02262.png,0.0
img_02263.png,0.0
img_02264.png,0.0
img_02265.png,0.0
img_02266.png,0.0
img_02267.png,0.0
img_02268.png,0.0
img_02269.png,0.0
img_02270.png,0.0
img_02271.png,0.0
img_02272.png,0.0
img_02273.png,0.0
img_02274.png,0.0
img_02275.png,0.0
img_02276.png,0.0
img_02277.png,0.0
img_02278.png,0.0
img_02279.png,0.0
img_02280.png,0.0
img_02281.png,0.0
img_02282.png,0.0
img_02283.png,0.0
img_02284.png,0.0
img_02285.png,0.0
img_02286.png,0.0
img_02287.png,0.0
img_02288.png,0.0
img_02289.png,0.0
img_02290.png,0.0
img_02291.png,0.0
img_02292.png,0.0
img_02293.png,0.0
img_02294.png,0.0
img_02295.png,0.0
img_02296.png,0.0
img_02297.png,0.0
img_02298.png,0.0
img_02299.png,0.0
img_02300.png,0.0
img_02301.png,0.0
img_02302.png,0.0
img_02303.png,0.0
img_02304.png,0.0
img_02305.png,0.0
img_02306.png,0.0
img_02307.png,0.0
img_02308.png,0.0
img_02309.png,0.0
img_02310.png,0.0
img_02311.png,0.0
img_02312.png,0.0
img_02313.png,0.0
img_02314.png,0.0
img_02315.png,0.0
img_02316.png,0.0
img_02317.png,0.0
img_02318.png,0.0
img_02319.png,0.0
img_02320.png,0.0
img_02321.png,0.0
img_02322.png,0.0
img_02323.png,0.0
img_02324.png,0.0
img_02325.png,0.0
img_02326.png,0.0
img_02327.png,0.0
img_02328.png,0.0
img_02329.png,0.0
img_02330.png,0.0
img_02331.png,0.0
img_02332.png,0.0
img_02333.png,0.0
img_02334.png,0.0
img_02335.png,0.0
img_02336.png,0.0
img_02337.png,0.0
img_02338.png,0.0
img_02339.png,0.0
img_02340.png,0.0
img_02341.png,0.0
img_02342.png,0.0
img_02343.png,0.0
img_02344.png,0.0
img_02345.png,0.0
img_02346.png,0.0
img_02347.png,0.0
img_02348.png,0.0
img_02349.png,0.0
img_02350.png,0.0
img_02351.png,0.0
img_02352.png,0.0
img_02353.png,0.0
img_02354.png,0.0
img_02355.png,0.0
img_02356.png,0.0
img_02357.png,0.0
img_02358.png,0.0
img_02359.png,0.0
img_02360.png,0.0
img_02361.png,0.0
img_02362.png,0.0
img_02363.png,0.0
img_02364.png,0.0
img_02365.png,0.0
img_02366.png,0.0
img_02367.png,0.0
img_02368.png,0.0
img_02369.png,0.0
img_02370.png,0.0
img_02371.png,0.0
img_02372.png,0.0
img_02373.png,0.0
img_02374.png,0.0
img_02375.png,0.0
img_02376.png,0.0
img_02377.png,0.0
img_02378.png,0.0
img_02379.png,0.0
img_02380.png,0.0
img_02381.png,0.0
img_02382.png,0.0
img_02383.png,0.0
img_02384.png,0.2
img_02385.png,0.0
img_02386.png,0.0
img_02387.png,0.0
img_02388.png,0.0
img_02389.png,0.0
img_02390.png,0.2
img_02391.png,0.0
img_02392.png,0.2
img_02393.png,0.0
img_02394.png,0.2
img_02395.png,0.2
img_02396.png,0.0
img_02397.png,0.0
img_02398.png,0.0
img_02399.png,0.2
img_02400.png,0.2
img_02401.png,0.2
img_02402.png,0.0
img_02403.png,0.0
img_02404.png,0.0
img_02405.png,0.0
img_02406.png,0.2
img_02407.png,0.2
img_02408.png,0.0
img_02409.png,0.0
img_02410.png,0.2
img_02411.png,0.0
img_02412.png,0.2
img_02413.png,0.2
img_02414.png,0.0
img_02415.png,0.0
img_02416.png,0.0
img_02417.png,0.0
img_02418.png,0.0
img_02419.png,0.2
img_02420.png,0.0
img_02421.png,0.0
img_02422.png,0.2
img_02423.png,0.2
img_02424.png,0.0
img_02425.png,0.0
img_02426.png,0.0
img_02427.png,0.0
img_02428.png,0.0
img_02429.png,0.0
img_02430.png,0.0
img_02431.png,0.0
img_02432.png,0.0
img_02433.png,0.0
img_02434.png,0.0
img_02435.png,0.0
img_02436.png,0.0
img_02437.png,0.0
img_02438.png,0.0
img_02439.png,0.0
img_02440.png,0.2
img_02441.png,0.0
img_02442.png,0.0
img_02443.png,0.0
img_02444.png,0.0
img_02445.png,0.0
img_02446.png,0.0
img_02447.png,0.0
img_02448.png,0.0
img_02449.png,0.0
img_02450.png,0.0
img_02451.png,0.0
img_02452.png,0.0
img_02453.png,0.0
img_02454.png,0.0
img_02455.png,0.0
img_02456.png,0.0
img_02457.png,0.0
img_02458.png,0.0
img_02459.png,0.0
img_02460.png,0.0
img_02461.png,0.0
img_02462.png,0.0
img_02463.png,0.0
img_02464.png,0.0
img_02465.png,0.0
img_02466.png,0.0
img_02467.png,0.0
img_02468.png,0.0
img_02469.png,0.0
img_02470.png,0.0
img_02471.png,0.0
img_02472.png,0.0
img_02473.png,0.0
img_02474.png,0.0
img_02475.png,0.0
img_02476.png,0.0
img_02477.png,0.0
img_02478.png,0.0
img_02479.png,0.0
img_02480.png,0.0
img_02481.png,0.0
img_02482.png,0.0
img_02483.png,0.0
img_02484.png,0.0
img_02485.png,0.0
img_02486.png,0.0
img_02487.png,0.0
img_02488.png,0.0
img_02489.png,0.0
img_02490.png,0.0
img_02491.png,0.0
img_02492.png,0.0
img_02493.png,0.0
img_02494.png,0.0
img_02495.png,0.0
img_02496.png,0.0
img_02497.png,0.0
img_02498.png,0.0
img_02499.png,0.0
img_02500.png,0.0
img_02501.png,0.0
img_02502.png,0.0
img_02503.png,0.0
img_02504.png,0.0
img_02505.png,0.0
img_02506.png,0.0
img_02507.png,0.0
img_02508.png,0.0
img_02509.png,0.0
img_02510.png,0.0
img_02511.png,0.0
img_02512.png,0.0
img_02513.png,0.0
img_02514.png,0.0
img_02515.png,0.0
img_02516.png,0.0
img_02517.png,0.0
img_02518.png,0.0
img_02519.png,0.0
img_02520.png,0.0
img_02521.png,0.0
img_02522.png,0.0
img_02523.png,0.0
img_02524.png,0.0
img_02525.png,0.0
img_02526.png,0.0
img_02527.png,0.0
img_02528.png,0.0
img_02529.png,0.0
img_02530.png,0.0
img_02531.png,0.0
img_02532.png,0.0
img_02533.png,0.0
img_02534.png,0.0
img_02535.png,0.0
img_02536.png,0.0
img_02537.png,0.0
img_02538.png,0.0
img_02539.png,0.0
img_02540.png,0.0
img_02541.png,0.0
img_02542.png,0.0
img_02543.png,0.0
img_02544.png,0.0
img_02545.png,-0.2
img_02546.png,0.0
img_02547.png,0.0
img_02548.png,0.0
img_02549.png,0.0
img_02550.png,0.0
img_02551.png,0.0
img_02552.png,0.0
img_02553.png,0.0
img_02554.png,0.0
img_02555.png,0.0
img_02556.png,0.0
img_02557.png,0.0
img_02558.png,0.0
img_02559.png,0.0
img_02560.png,0.0
img_02561.png,0.0
img_02562.png,0.0
img_02563.png,0.0
img_02564.png,0.0
img_02565.png,0.0
img_02566.png,0.0
img_02567.png,0.0
img_02568.png,0.0
img_02569.png,0.0
img_02570.png,0.0
img_02571.png,0.0
img_02572.png,0.0
img_02573.png,0.0
img_02574.png,0.0
img_02575.png,0.0
img_02576.png,0.0
img_02577.png,0.0
img_02578.png,0.2
img_02579.png,0.0
img_02580.png,0.0
img_02581.png,0.0
img_02582.png,0.0
img_02583.png,0.0
img_02584.png,0.2
img_02585.png,0.2
img_02586.png,0.2
img_02587.png,0.2
img_02588.png,0.2
img_02589.png,0.0
img_02590.png,0.0
img_02591.png,0.0
img_02592.png,0.0
img_02593.png,0.0
img_02594.png,0.0
img_02595.png,0.0
img_02596.png,0.2
img_02597.png,0.2
img_02598.png,0.0
img_02599.png,0.0
img_02600.png,0.2
img_02601.png,0.2
img_02602.png,0.2
img_02603.png,0.2
img_02604.png,0.2
img_02605.png,0.2
img_02606.png,0.2
img_02607.png,0.2
img_02608.png,0.0
img_02609.png,0.0
img_02610.png,0.0
img_02611.png,0.2
img_02612.png,0.2
img_02613.png,0.0
img_02614.png,0.0
img_02615.png,0.0
img_02616.png,0.0
img_02617.png,0.0
img_02618.png,0.0
img_02619.png,0.2
img_02620.png,0.0
img_02621.png,0.0
img_02622.png,0.0
img_02623.png,0.0
img_02624.png,0.0
img_02625.png,0.2
img_02626.png,0.0
img_02627.png,0.0
img_02628.png,0.0
img_02629.png,0.0
img_02630.png,0.0
img_02631.png,0.0
img_02632.png,0.0
img_02633.png,0.0
img_02634.png,0.0
img_02635.png,0.0
img_02636.png,0.0
img_02637.png,0.0
img_02638.png,0.0
img_02639.png,0.0
img_02640.png,0.0
img_02641.png,0.0
img_02642.png,0.0
img_02643.png,0.0
img_02644.png,0.0
img_02645.png,0.0
img_02646.png,0.0
img_02647.png,0.0
img_02648.png,0.0
img_02649.png,0.0
img_02650.png,0.0
img_02651.png,0.0
img_02652.png,0.0
img_02653.png,0.0
img_02654.png,0.0
img_02655.png,0.2
img_02656.png,0.0
img_02657.png,0.0
img_02658.png,0.0
img_02659.png,0.0
img_02660.png,0.0
img_02661.png,0.0
img_02662.png,0.0
img_02663.png,0.0
img_02664.png,0.0
img_02665.png,0.0
img_02666.png,0.0
img_02667.png,0.0
img_02668.png,0.0
img_02669.png,0.0
img_02670.png,0.0
img_02671.png,0.0
img_02672.png,0.0
img_02673.png,0.0
img_02674.png,0.0
img_02675.png,0.0
img_02676.png,0.0
img_02677.png,0.0
img_02678.png,0.0
img_02679.png,0.0
img_02680.png,0.0
img_02681.png,0.0
img_02682.png,0.0
img_02683.png,0.0
img_02684.png,0.0
img_02685.png,0.0
img_02686.png,0.0
img_02687.png,0.0
img_02688.png,0.0
img_02689.png,0.0
img_02690.png,0.0
img_02691.png,0.0
img_02692.png,0.0
img_02693.png,0.0
img_02694.png,0.0
img_02695.png,0.0
img_02696.png,0.0
img_02697.png,0.0
img_02698.png,0.0
img_02699.png,0.0
img_02700.png,0.0
img_02701.png,0.0
img_02702.png,0.0
img_02703.png,0.0
img_02704.png,0.0
img_02705.png,0.0
img_02706.png,0.0
img_02707.png,0.0
img_02708.png,0.0
img_02709.png,0.0
img_02710.png,0.0
img_02711.png,0.0
img_02712.png,0.0
img_02713.png,0.0
img_02714.png,0.0
img_02715.png,0.0
img_02716.png,0.0
img_02717.png,0.0
img_02718.png,0.0
img_02719.png,0.0
img_02720.png,0.0
img_02721.png,0.0
img_02722.png,0.0
img_02723.png,0.0
img_02724.png,0.0
img_02725.png,0.0
img_02726.png,0.0
img_02727.png,0.0
img_02728.png,0.0
img_02729.png,0.0
img_02730.png,0.0
img_02731.png,0.0
img_02732.png,0.0
img_02733.png,0.0
img_02734.png,0.0
img_02735.png,0.0
img_02736.png,0.0
img_02737.png,0.0
img_02738.png,0.0
img_02739.png,0.0
img_02740.png,0.0
img_02741.png,0.0
img_02742.png,0.0
img_02743.png,0.0
img_02744.png,0.0
img_02745.png,0.0
img_02746.png,0.0
img_02747.png,0.0
img_02748.png,0.0
img_02749.png,0.0
img_02750.png,0.0
img_02751.png,0.0
img_02752.png,0.0
img_02753.png,0.0
img_02754.png,0.0
img_02755.png,0.0
img_02756.png,0.0
img_02757.png,0.0
img_02758.png,0.0
img_02759.png,0.0
img_02760.png,0.0
img_02761.png,0.0
img_02762.png,0.0
img_02763.png,0.0
img_02764.png,0.0
img_02765.png,0.0
img_02766.png,0.0
img_02767.png,0.0
img_02768.png,0.0
img_02769.png,0.0
img_02770.png,0.0
img_02771.png,0.0
img_02772.png,0.0
img_02773.png,0.0
img_02774.png,0.0
img_02775.png,0.0
img_02776.png,0.0
img_02777.png,0.0
img_02778.png,0.0
img_02779.png,0.0
img_02780.png,0.0
img_02781.png,0.0
img_02782.png,0.0
img_02783.png,0.0
img_02784.png,0.0
img_02785.png,0.0
img_02786.png,0.0
img_02787.png,0.0
img_02788.png,0.0
img_02789.png,0.0
img_02790.png,0.0
img_02791.png,0.0
img_02792.png,0.0
img_02793.png,0.0
img_02794.png,0.0
img_02795.png,0.0
img_02796.png,0.0
img_02797.png,0.0
img_02798.png,0.0
img_02799.png,0.0
img_02800.png,0.0
img_02801.png,0.0
img_02802.png,0.2
img_02803.png,0.0
img_02804.png,0.0
img_02805.png,0.2
img_02806.png,0.0
img_02807.png,0.0
img_02808.png,0.2
img_02809.png,0.2
img_02810.png,0.2
img_02811.png,0.0
img_02812.png,0.0
img_02813.png,0.0
img_02814.png,0.0
img_02815.png,0.0
img_02816.png,0.0
img_02817.png,0.0
img_02818.png,0.0
img_02819.png,0.0
img_02820.png,0.2
img_02821.png,0.0
img_02822.png,0.0
img_02823.png,0.2
img_02824.png,0.2
img_02825.png,0.0
img_02826.png,0.0
img_02827.png,0.0
img_02828.png,0.2
img_02829.png,0.2
img_02830.png,0.2
img_02831.png,0.2
img_02832.png,0.2
img_02833.png,0.2
img_02834.png,0.2
img_02835.png,0.2
img_02836.png,0.2
img_02837.png,0.0
img_02838.png,0.0
img_02839.png,0.0
img_02840.png,0.0
img_02841.png,0.0
img_02842.png,0.0
img_02843.png,0.0
img_02844.png,0.0
img_02845.png,0.2
img_02846.png,0.2
img_02847.png,0.0
img_02848.png,0.0
img_02849.png,0.2
img_02850.png,0.2
img_02851.png,0.0
img_02852.png,0.0
img_02853.png,0.0
img_02854.png,0.2
img_02855.png,0.2
img_02856.png,0.2
img_02857.png,0.0
img_02858.png,0.0
img_02859.png,0.2
img_02860.png,0.2
img_02861.png,0.2
img_02862.png,0.0
img_02863.png,0.0
img_02864.png,0.0
img_02865.png,0.0
img_02866.png,0.0
img_02867.png,0.0
img_02868.png,0.0
img_02869.png,0.0
img_02870.png,0.0
img_02871.png,0.0
img_02872.png,0.0
img_02873.png,0.0
img_02874.png,0.0
img_02875.png,0.0
img_02876.png,0.0
img_02877.png,0.0
img_02878.png,0.0
img_02879.png,0.0
img_02880.png,0.0
img_02881.png,0.0
img_02882.png,0.0
img_02883.png,0.0
img_02884.png,0.0
img_02885.png,0.0
img_02886.png,0.0
img_02887.png,0.0
img_02888.png,0.0
img_02889.png,0.0
img_02890.png,0.2
img_02891.png,0.0
img_02892.png,0.0
img_02893.png,0.0
img_02894.png,0.0
img_02895.png,0.0
img_02896.png,0.0
img_02897.png,0.0
img_02898.png,0.0
img_02899.png,0.0
img_02900.png,0.0
img_02901.png,0.0
img_02902.png,0.0
img_02903.png,0.0
img_02904.png,0.0
img_02905.png,0.0
img_02906.png,0.0
img_02907.png,0.0
img_02908.png,0.0
img_02909.png,0.0
img_02910.png,0.0
img_02911.png,0.0
img_02912.png,0.0
img_02913.png,0.0
img_02914.png,0.0
img_02915.png,0.0
img_02916.png,0.0
img_02917.png,0.0
img_02918.png,0.0
img_02919.png,0.0
img_02920.png,0.0
img_02921.png,0.0
img_02922.png,0.0
img_02923.png,0.0
img_02924.png,0.0
img_02925.png,0.0
img_02926.png,0.0
img_02927.png,0.0
img_02928.png,0.0
img_02929.png,0.0
img_02930.png,0.0
img_02931.png,0.0
img_02932.png,0.0
img_02933.png,0.0
img_02934.png,0.0
img_02935.png,0.0
img_02936.png,0.0
img_02937.png,0.0
img_02938.png,0.0
img_02939.png,0.0
img_02940.png,0.0
img_02941.png,0.0
img_02942.png,0.0
img_02943.png,0.0
img_02944.png,0.0
img_02945.png,0.0
img_02946.png,0.0
img_02947.png,0.0
img_02948.png,0.0
img_02949.png,0.2
img_02950.png,0.2
img_02951.png,0.0
img_02952.png,0.0
img_02953.png,0.0
img_02954.png,0.0
img_02955.png,0.0
img_02956.png,0.2
img_02957.png,0.2
img_02958.png,0.2
img_02959.png,0.2
img_02960.png,0.2
img_02961.png,0.2
img_02962.png,0.2
img_02963.png,0.0
img_02964.png,0.0
img_02965.png,-0.2
img_02966.png,0.0
img_02967.png,0.0
img_02968.png,0.2
img_02969.png,0.2
img_02970.png,0.2
img_02971.png,0.0
img_02972.png,0.0
img_02973.png,0.2
img_02974.png,0.2
img_02975.png,0.2
img_02976.png,0.2
img_02977.png,0.2
img_02978.png,0.2
img_02979.png,0.2
img_02980.png,0.0
img_02981.png,0.0
img_02982.png,0.0
img_02983.png,0.2
img_02984.png,0.0
img_02985.png,0.0
img_02986.png,0.0
img_02987.png,0.0
img_02988.png,0.2
img_02989.png,0.2
img_02990.png,0.2
img_02991.png,0.2
img_02992.png,0.0
img_02993.png,0.0
img_02994.png,0.0
img_02995.png,0.0
img_02996.png,0.2
img_02997.png,0.0
img_02998.png,0.0
img_02999.png,0.2
img_03000.png,0.2
img_03001.png,0.2
img_03002.png,0.0
img_03003.png,0.0
img_03004.png,0.0
img_03005.png,0.0
img_03006.png,0.0
img_03007.png,0.0
img_03008.png,0.0
img_03009.png,0.0
img_03010.png,0.0
img_03011.png,0.0
img_03012.png,0.2
img_03013.png,0.0
img_03014.png,0.0
img_03015.png,0.0
img_03016.png,0.0
img_03017.png,0.0
img_03018.png,0.0
img_03019.png,0.0
img_03020.png,0.0
img_03021.png,0.0
img_03022.png,0.0
img_03023.png,0.0
img_03024.png,0.0
img_03025.png,0.0
img_03026.png,0.0
img_03027.png,0.0
img_03028.png,0.2
img_03029.png,0.2
img_03030.png,0.2
img_03031.png,0.0
img_03032.png,0.0
img_03033.png,0.0
img_03034.png,0.0
img_03035.png,0.0
img_03036.png,0.0
img_03037.png,0.0
img_03038.png,0.0
img_03039.png,0.0
img_03040.png,0.0
img_03041.png,0.0
img_03042.png,0.0
img_03043.png,0.0
img_03044.png,0.0
img_03045.png,0.0
img_03046.png,0.0
img_03047.png,0.0
img_03048.png,0.0
img_03049.png,0.0
img_03050.png,0.0
img_03051.png,-0.2
img_03052.png,0.0
img_03053.png,0.0
img_03054.png,-0.2
img_03055.png,0.0
img_03056.png,0.0
img_03057.png,0.0
img_03058.png,0.0
img_03059.png,0.0
img_03060.png,0.0
img_03061.png,0.0
img_03062.png,0.0
img_03063.png,0.0
img_03064.png,0.0
img_03065.png,0.0
img_03066.png,0.0
img_03067.png,0.0
img_03068.png,0.0
img_03069.png,0.0
img_03070.png,0.0
img_03071.png,0.0
img_03072.png,0.0
img_03073.png,0.0
img_03074.png,0.0
img_03075.png,0.0
img_03076.png,0.0
img_03077.png,0.0
img_03078.png,0.0
img_03079.png,0.0
img_03080.png,0.0
img_03081.png,0.0
img_03082.png,0.0
img_03083.png,0.0
img_03084.png,0.0
img_03085.png,0.0
img_03086.png,0.0
img_03087.png,0.0
img_03088.png,0.0
img_03089.png,0.0
img_03090.png,0.0
img_03091.png,0.0
img_03092.png,0.0
img_03093.png,0.0
img_03094.png,0.0
img_03095.png,0.0
img_03096.png,-0.2
img_03097.png,0.0
img_03098.png,0.0
img_03099.png,-0.2
img_03100.png,0.0
img_03101.png,0.0
img_03102.png,-0.2
img_03103.png,0.0
img_03104.png,0.0
img_03105.png,0.0
img_03106.png,0.0
img_03107.png,0.0
img_03108.png,0.0
img_03109.png,0.0
img_03110.png,0.0
img_03111.png,0.0
img_03112.png,0.0
img_03113.png,0.2
img_03114.png,0.0
img_03115.png,0.0
img_03116.png,0.0
img_03117.png,0.0
img_03118.png,0.0
img_03119.png,0.0
img_03120.png,0.0
img_03121.png,0.0
img_03122.png,0.0
img_03123.png,0.0
img_03124.png,0.0
img_03125.png,0.0
img_03126.png,0.0
img_03127.png,0.0
img_03128.png,0.0
img_03129.png,0.0
img_03130.png,0.2
img_03131.png,0.0
img_03132.png,0.0
img_03133.png,0.0
img_03134.png,0.0
img_03135.png,0.0
img_03136.png,0.0
img_03137.png,0.0
img_03138.png,0.0
img_03139.png,0.0
img_03140.png,0.0
img_03141.png,0.2
img_03142.png,0.2
img_03143.png,0.0
img_03144.png,0.0
img_03145.png,0.0
img_03146.png,0.0
img_03147.png,0.0
img_03148.png,0.2
img_03149.png,0.2
img_03150.png,0.0
img_03151.png,0.0
img_03152.png,0.0
img_03153.png,0.2
img_03154.png,0.2
img_03155.png,0.2
img_03156.png,0.2
img_03157.png,0.2
img_03158.png,0.2
img_03159.png,0.2
img_03160.png,0.2
img_03161.png,0.2
img_03162.png,0.0
img_03163.png,-0.2
img_03164.png,0.0
img_03165.png,0.0
img_03166.png,0.2
img_03167.png,0.2
img_03168.png,0.2
img_03169.png,0.2
img_03170.png,0.2
img_03171.png,0.2
img_03172.png,0.2
img_03173.png,0.0
img_03174.png,0.0
img_03175.png,0.0
img_03176.png,0.0
img_03177.png,0.0
img_03178.png,0.2
img_03179.png,0.2
img_03180.png,0.2
img_03181.png,0.2
img_03182.png,0.2
img_03183.png,0.0
img_03184.png,0.0
img_03185.png,0.0
img_03186.png,0.0
img_03187.png,0.0
img_03188.png,0.0
img_03189.png,0.2
img_03190.png,0.2
img_03191.png,0.2
img_03192.png,0.2
img_03193.png,0.2
img_03194.png,0.0
img_03195.png,0.0
img_03196.png,0.0
img_03197.png,0.0
img_03198.png,0.0
img_03199.png,0.0
img_03200.png,0.2
img_03201.png,0.2
img_03202.png,0.2
img_03203.png,0.2
img_03204.png,0.2
img_03205.png,0.2
img_03206.png,0.0
img_03207.png,0.0
img_03208.png,0.0
img_03209.png,0.0
img_03210.png,0.0
img_03211.png,0.2
img_03212.png,0.2
img_03213.png,0.2
img_03214.png,0.0
img_03215.png,0.0
img_03216.png,0.2
img_03217.png,0.2
img_03218.png,0.0
img_03219.png,0.0
img_03220.png,0.2
img_03221.png,0.0
img_03222.png,0.0
img_03223.png,0.2
img_03224.png,0.0
img_03225.png,0.0
img_03226.png,0.0
img_03227.png,0.0
img_03228.png,0.0
img_03229.png,0.0
img_03230.png,0.0
img_03231.png,0.0
img_03232.png,0.2
img_03233.png,0.2
img_03234.png,0.0
img_03235.png,0.2
img_03236.png,0.2
img_03237.png,0.0
img_03238.png,0.0
img_03239.png,0.0
img_03240.png,0.0
img_03241.png,0.0
img_03242.png,0.0
img_03243.png,0.0
img_03244.png,0.0
img_03245.png,0.0
img_03246.png,0.0
img_03247.png,0.0
img_03248.png,0.0
img_03249.png,0.0
img_03250.png,0.0
img_03251.png,0.0
img_03252.png,-0.2
img_03253.png,-0.2
img_03254.png,-0.2
img_03255.png,0.0
img_03256.png,0.0
img_03257.png,-0.2
img_03258.png,-0.2
img_03259.png,-0.2
img_03260.png,0.0
img_03261.png,0.0
img_03262.png,0.0
img_03263.png,0.0
img_03264.png,0.0
img_03265.png,0.0
img_03266.png,0.0
img_03267.png,0.0
img_03268.png,0.0
img_03269.png,-0.2
img_03270.png,-0.2
img_03271.png,-0.2
img_03272.png,0.0
img_03273.png,0.0
img_03274.png,0.0
img_03275.png,0.0
img_03276.png,0.0
img_03277.png,0.0
img_03278.png,0.0
img_03279.png,0.0
img_03280.png,0.0
img_03281.png,-0.2
img_03282.png,-0.2
img_03283.png,-0.2
img_03284.png,-0.2
img_03285.png,-0.2
img_03286.png,-0.2
img_03287.png,-0.2
img_03288.png,-0.2
img_03289.png,0.0
img_03290.png,0.0
img_03291.png,0.0
img_03292.png,0.0
img_03293.png,0.0
img_03294.png,0.0
img_03295.png,0.0
img_03296.png,0.0
img_03297.png,0.0
img_03298.png,0.0
img_03299.png,0.0
img_03300.png,0.0
img_03301.png,-0.2
img_03302.png,-0.2
img_03303.png,-0.2
img_03304.png,0.0
img_03305.png,0.0
img_03306.png,0.0
img_03307.png,0.0
img_03308.png,0.0
img_03309.png,0.0
img_03310.png,0.0
img_03311.png,0.0
img_03312.png,0.0
img_03313.png,0.0
img_03314.png,0.0
img_03315.png,0.0
img_03316.png,0.0
img_03317.png,0.0
img_03318.png,0.0
img_03319.png,0.0
img_03320.png,0.0
img_03321.png,0.0
img_03322.png,0.0
img_03323.png,0.0
img_03324.png,0.0
img_03325.png,0.0
img_03326.png,0.0
img_03327.png,0.0
img_03328.png,0.0
img_03329.png,0.0
img_03330.png,0.0
img_03331.png,0.0
img_03332.png,0.0
img_03333.png,0.0
img_03334.png,0.0
img_03335.png,0.0
img_03336.png,0.0
img_03337.png,0.2
img_03338.png,0.2
img_03339.png,0.2
img_03340.png,0.0
img_03341.png,0.0
img_03342.png,0.0
img_03343.png,0.0
img_03344.png,0.2
img_03345.png,0.2
img_03346.png,0.2
img_03347.png,0.0
img_03348.png,0.0
img_03349.png,0.0
img_03350.png,0.0
img_03351.png,0.0
img_03352.png,0.0
img_03353.png,0.2
img_03354.png,0.2
img_03355.png,0.2
img_03356.png,0.2
img_03357.png,0.2
img_03358.png,0.2
img_03359.png,0.2
img_03360.png,0.0
img_03361.png,0.0
img_03362.png,0.0
img_03363.png,0.0
img_03364.png,0.0
img_03365.png,0.2
img_03366.png,0.2
img_03367.png,0.2
img_03368.png,0.2
img_03369.png,0.2
img_03370.png,0.0
img_03371.png,0.0
img_03372.png,0.0
img_03373.png,0.0
img_03374.png,0.0
img_03375.png,0.0
img_03376.png,0.2
img_03377.png,0.0
img_03378.png,0.0
img_03379.png,0.0
img_03380.png,0.2
img_03381.png,0.0
img_03382.png,0.0
img_03383.png,0.0
img_03384.png,0.0
img_03385.png,0.0
img_03386.png,0.0
img_03387.png,0.0
img_03388.png,0.0
img_03389.png,0.0
img_03390.png,0.0
img_03391.png,0.0
img_03392.png,0.0
img_03393.png,0.0
img_03394.png,0.0
img_03395.png,-0.2
img_03396.png,0.0
img_03397.png,0.0
img_03398.png,0.0
img_03399.png,0.0
img_03400.png,0.0
img_03401.png,0.0
img_03402.png,0.0
img_03403.png,0.0
img_03404.png,0.0
img_03405.png,0.0
img_03406.png,0.0
img_03407.png,0.0
img_03408.png,0.0
img_03409.png,0.0
img_03410.png,0.0
img_03411.png,0.0
img_03412.png,0.0
img_03413.png,0.2
img_03414.png,0.0
img_03415.png,0.0
img_03416.png,0.0
img_03417.png,0.0
img_03418.png,0.0
img_03419.png,0.0
img_03420.png,0.0
img_03421.png,0.0
img_03422.png,0.0
img_03423.png,0.0
img_03424.png,0.0
img_03425.png,0.0
img_03426.png,0.0
img_03427.png,0.0
img_03428.png,0.0
img_03429.png,0.0
img_03430.png,0.0
img_03431.png,0.0
img_03432.png,0.0
img_03433.png,0.0
img_03434.png,0.0
img_03435.png,0.0
img_03436.png,0.0
img_03437.png,0.0
img_03438.png,0.0
img_03439.png,0.0
img_03440.png,0.0
img_03441.png,0.0
img_03442.png,0.0
img_03443.png,0.0
img_03444.png,0.0
img_03445.png,0.0
img_03446.png,-0.2
img_03447.png,0.0
img_03448.png,0.0
img_03449.png,0.0
img_03450.png,0.0
img_03451.png,0.0
img_03452.png,0.0
img_03453.png,0.0
img_03454.png,0.0
img_03455.png,0.0
img_03456.png,0.0
img_03457.png,0.0
img_03458.png,0.0
img_03459.png,0.0
img_03460.png,0.0
img_03461.png,0.0
img_03462.png,0.0
img_03463.png,0.0
img_03464.png,0.0
img_03465.png,0.0
img_03466.png,0.0
img_03467.png,0.0
img_03468.png,0.0
img_03469.png,0.0
img_03470.png,0.0
img_03471.png,0.0
img_03472.png,0.0
img_03473.png,0.0
img_03474.png,0.0
img_03475.png,0.0
img_03476.png,0.2
img_03477.png,0.2
img_03478.png,0.0
img_03479.png,0.0
img_03480.png,0.0
img_03481.png,0.0
img_03482.png,0.0
img_03483.png,0.0
img_03484.png,0.0
img_03485.png,0.0
img_03486.png,-0.2
img_03487.png,0.0
img_03488.png,0.0
img_03489.png,0.0
img_03490.png,0.2
img_03491.png,0.0
img_03492.png,0.2
img_03493.png,0.2
img_03494.png,0.2
img_03495.png,0.0
img_03496.png,0.0
img_03497.png,0.2
img_03498.png,0.0
img_03499.png,0.2
img_03500.png,0.2
img_03501.png,0.2
img_03502.png,0.0
img_03503.png,0.0
img_03504.png,0.0
img_03505.png,0.0
img_03506.png,0.0
img_03507.png,0.0
img_03508.png,0.0
img_03509.png,0.0
img_03510.png,0.2
img_03511.png,0.2
img_03512.png,0.0
img_03513.png,0.0
img_03514.png,0.2
img_03515.png,0.2
img_03516.png,0.2
img_03517.png,0.0
img_03518.png,0.0
img_03519.png,0.0
img_03520.png,0.0
img_03521.png,0.0
img_03522.png,0.0
img_03523.png,0.0
img_03524.png,0.2
img_03525.png,0.0
img_03526.png,0.0
img_03527.png,0.0
img_03528.png,0.0
img_03529.png,0.0
img_03530.png,0.0
img_03531.png,0.0
img_03532.png,0.0
img_03533.png,0.0
img_03534.png,0.0
img_03535.png,0.0
img_03536.png,0.2
img_03537.png,0.2
img_03538.png,0.0
img_03539.png,0.0
img_03540.png,0.0
img_03541.png,0.0
img_03542.png,0.0
img_03543.png,0.0
img_03544.png,0.0
img_03545.png,0.2
img_03546.png,0.0
img_03547.png,0.0
img_03548.png,0.2
img_03549.png,0.0
img_03550.png,0.0
img_03551.png,0.0
img_03552.png,0.0
img_03553.png,0.0
img_03554.png,0.0
img_03555.png,0.0
img_03556.png,0.0
img_03557.png,0.0
img_03558.png,0.0
img_03559.png,0.0
img_03560.png,0.0
img_03561.png,0.0
img_03562.png,0.0
img_03563.png,0.2
img_03564.png,0.0
img_03565.png,0.0
img_03566.png,0.2
img_03567.png,0.0
img_03568.png,0.0
img_03569.png,0.0
img_03570.png,0.0
img_03571.png,0.0
img_03572.png,0.0
img_03573.png,0.0
img_03574.png,0.0
img_03575.png,0.0
img_03576.png,0.0
img_03577.png,0.0
img_03578.png,0.0
img_03579.png,0.0
img_03580.png,0.0
img_03581.png,0.0
img_03582.png,0.0
img_03583.png,0.0
img_03584.png,0.0
img_03585.png,0.0
img_03586.png,0.0
img_03587.png,0.0
img_03588.png,0.0
img_03589.png,0.0
img_03590.png,0.0
img_03591.png,0.0
img_03592.png,-0.2
img_03593.png,-0.2
img_03594.png,-0.2
img_03595.png,0.0
img_03596.png,0.0
img_03597.png,0.0
img_03598.png,0.0
img_03599.png,0.0
img_03600.png,0.0
img_03601.png,0.0
img_03602.png,0.2
img_03603.png,0.2
img_03604.png,0.0
img_03605.png,0.0
img_03606.png,0.0
img_03607.png,0.0
img_03608.png,0.0
img_03609.png,0.0
img_03610.png,0.0
img_03611.png,0.0
img_03612.png,0.0
img_03613.png,0.0
img_03614.png,0.0
img_03615.png,0.0
img_03616.png,0.0
img_03617.png,0.0
img_03618.png,0.0
img_03619.png,0.0
img_03620.png,0.0
img_03621.png,0.0
img_03622.png,0.0
img_03623.png,0.0
img_03624.png,0.0
img_03625.png,0.0
img_03626.png,0.0
img_03627.png,0.0
img_03628.png,0.0
img_03629.png,0.0
img_03630.png,0.0
img_03631.png,0.0
img_03632.png,0.0
img_03633.png,0.0
img_03634.png,0.0
img_03635.png,0.0
img_03636.png,0.0
img_03637.png,0.0
img_03638.png,0.0
img_03639.png,0.0
img_03640.png,0.0
img_03641.png,0.0
img_03642.png,0.0
img_03643.png,0.0
img_03644.png,0.0
img_03645.png,0.0
img_03646.png,0.0
img_03647.png,0.0
img_03648.png,0.0
img_03649.png,0.0
img_03650.png,0.0
img_03651.png,0.0
img_03652.png,0.0
img_03653.png,0.0
img_03654.png,0.0
img_03655.png,0.0
img_03656.png,0.0
img_03657.png,0.0
img_03658.png,0.0
img_03659.png,0.0
img_03660.png,0.0
img_03661.png,0.0
img_03662.png,0.0
img_03663.png,0.0
img_03664.png,0.0
img_03665.png,0.0
img_03666.png,0.0
img_03667.png,0.0
img_03668.png,0.0
img_03669.png,0.0
img_03670.png,0.0
img_03671.png,0.0
img_03672.png,0.0
img_03673.png,0.0
img_03674.png,0.0
img_03675.png,0.0
img_03676.png,0.0
img_03677.png,0.0
img_03678.png,0.0
img_03679.png,0.0
img_03680.png,0.0
img_03681.png,0.0
img_03682.png,0.0
img_03683.png,0.0
img_03684.png,0.0
img_03685.png,0.0
img_03686.png,0.0
img_03687.png,0.0
img_03688.png,0.0
img_03689.png,0.0
img_03690.png,0.0
img_03691.png,0.0
img_03692.png,0.0
img_03693.png,0.0
img_03694.png,0.0
img_03695.png,0.0
img_03696.png,0.0
img_03697.png,0.0
img_03698.png,0.0
img_03699.png,0.0
img_03700.png,0.0
img_03701.png,0.0
img_03702.png,0.0
img_03703.png,0.0
img_03704.png,0.0
img_03705.png,0.0
img_03706.png,0.0
img_03707.png,0.0
img_03708.png,0.0
img_03709.png,0.0
img_03710.png,0.0
img_03711.png,0.0
img_03712.png,0.0
img_03713.png,0.0
img_03714.png,0.0
img_03715.png,0.0
img_03716.png,0.0
img_03717.png,0.0
img_03718.png,0.0
img_03719.png,0.0
img_03720.png,0.0
img_03721.png,0.0
img_03722.png,0.0
img_03723.png,0.0
img_03724.png,0.0
img_03725.png,0.0
img_03726.png,0.0
img_03727.png,0.0
img_03728.png,0.0
img_03729.png,0.0
img_03730.png,0.0
img_03731.png,0.0
img_03732.png,0.0
img_03733.png,0.0
img_03734.png,0.0
img_03735.png,0.0
img_03736.png,-0.2
img_03737.png,0.0
img_03738.png,0.0
img_03739.png,0.0
img_03740.png,0.0
img_03741.png,0.0
img_03742.png,0.0
img_03743.png,0.0
img_03744.png,0.0
img_03745.png,0.0
img_03746.png,0.2
img_03747.png,0.0
img_03748.png,0.0
img_03749.png,0.0
img_03750.png,0.0
img_03751.png,0.2
img_03752.png,0.2
img_03753.png,0.0
img_03754.png,0.0
img_03755.png,0.0
img_03756.png,0.0
img_03757.png,0.2
img_03758.png,0.0
img_03759.png,0.0
img_03760.png,0.0
img_03761.png,0.2
img_03762.png,0.2
img_03763.png,0.0
img_03764.png,0.0
img_03765.png,0.2
img_03766.png,0.2
img_03767.png,0.2
img_03768.png,0.2
img_03769.png,0.0
img_03770.png,0.0
img_03771.png,0.0
img_03772.png,0.2
img_03773.png,0.2
img_03774.png,0.2
img_03775.png,0.2
img_03776.png,0.0
img_03777.png,0.0
img_03778.png,0.0
img_03779.png,0.0
img_03780.png,0.0
img_03781.png,0.0
img_03782.png,0.2
img_03783.png,0.0
img_03784.png,0.0
img_03785.png,0.0
img_03786.png,0.0
img_03787.png,0.0
img_03788.png,0.0
img_03789.png,0.0
img_03790.png,0.0
img_03791.png,0.0
img_03792.png,0.0
img_03793.png,0.0
img_03794.png,0.0
img_03795.png,0.0
img_03796.png,0.0
img_03797.png,0.2
img_03798.png,0.2
img_03799.png,0.0
img_03800.png,0.0
img_03801.png,0.0
img_03802.png,0.0
img_03803.png,0.0
img_03804.png,0.0
img_03805.png,0.0
img_03806.png,0.0
img_03807.png,0.0
img_03808.png,0.0
img_03809.png,0.0
img_03810.png,0.0
img_03811.png,0.0
img_03812.png,-0.2
img_03813.png,0.0
img_03814.png,0.0
img_03815.png,0.0
img_03816.png,0.0
img_03817.png,0.0
img_03818.png,0.0
img_03819.png,0.0
img_03820.png,0.0
img_03821.png,0.0
img_03822.png,0.0
img_03823.png,0.0
img_03824.png,0.0
img_03825.png,0.0
img_03826.png,0.0
img_03827.png,0.0
img_03828.png,0.0
img_03829.png,0.0
